UniqID,College code,Branch Code,Catogery OC Cutoff,Department ID,District ID
1238EE,1238,EE,121.96,3,1
2659EE,2659,EE,136.7,3,2
1510EE,1510,EE,130.78,3,3
3804EC,3804,EC,138.275,4,4
1519EC,1519,EC,117.64,4,5
1408CE,1408,CE,141,2,6
2641EC,2641,EC,142.815,4,7
1421ME,1421,ME,130.76,5,6
1430ME,1430,ME,126.76,5,8
2657BT,2657,BT,153,6,9
1CS,1,CS,199,1,10
2611PU,2611,PU,126,6,9
4946EE,4946,EE,97.5,3,11
3466EE,3466,EE,122.76,3,12
3905EE,3905,EE,144.24,3,13
2342ME,2342,ME,145.845,5,14
2606EE,2606,EE,122.19,3,7
5912EE,5912,EE,123.605,3,15
4949EC,4949,EC,102.5,4,16
2713IT,2713,IT,145.925,1,17
2611AE,2611,AE,142.09,5,9
2647IT,2647,IT,104.5,1,9
1518IT,1518,IT,127.24,1,18
2609CE,2609,CE,133.42,2,9
2609AE,2609,AE,147.135,5,9
2715BM,2715,BM,160.385,6,17
5865ME,5865,ME,142.955,5,19
2753EC,2753,EC,122.275,4,14
1520EC,1520,EC,156.27,4,20
1507EC,1507,EC,121.045,4,20
2642ME,2642,ME,126.275,5,21
2651FT,2651,FT,142.955,8,22
2347ME,2347,ME,141.29,5,2
3908CE,3908,CE,141.695,2,13
1402CS,1402,CS,146.33,1,8
3806CE,3806,CE,114.35,2,23
3920EE,3920,EE,133.54,3,13
3815TX,3815,TX,137.13,15,24
2609AO,2609,AO,133.5,5,9
2767BM,2767,BM,140.705,6,9
1CM,1,CM,198,1,10
1EC,1,EC,197.99,4,10
1523EC,1523,EC,139.79,4,25
2609PU,2609,PU,145.33,6,9
2614EE,2614,EE,118.29,3,9
4933EE,4933,EE,121.475,3,26
1229CS,1229,CS,143.35,1,1
1504CH,1504,CH,150.285,7,18
2683BM,2683,BM,138.53,6,7
1212EC,1212,EC,132.85,4,27
1412ME,1412,ME,133.1,5,6
5703EC,5703,EC,132.845,4,28
2636ME,2636,ME,138.615,5,2
1303AG,1303,AG,148.19,2,29
2345AG,2345,AG,142.56,2,2
2661EE,2661,EE,146.96,3,9
1IM,1,IM,197,1,10
2610MZ,2610,MZ,136.045,5,9
2776MZ,2776,MZ,145.515,5,14
1519IT,1519,IT,153.275,1,5
5832ME,5832,ME,143.955,5,28
1441EC,1441,EC,123.76,4,8
3825ME,3825,ME,134.755,5,4
4959ME,4959,ME,158.505,5,30
4993CS,4993,CS,161.33,1,11
1EM,1,EM,196.575,4,10
2639EE,2639,EE,142.67,3,2
1241CS,1241,CS,159,1,1
1EE,1,EE,195.995,3,10
2646EE,2646,EE,134.955,3,2
1501EE,1501,EE,135,3,25
1430CS,1430,CS,147.055,1,8
1421EE,1421,EE,132.885,3,6
2613SF,2613,SF,143.9,5,9
2354EC,2354,EC,153.665,4,14
5913EC,5913,EC,151.575,4,28
2IB,2,IB,195.5,6,10
2769BC,2769,BC,142.5,6,14
2611CE,2611,CE,135.78,2,9
1230EC,1230,EC,145.155,4,27
1BY,1,BY,195,6,10
1ME,1,ME,194.615,5,10
2749AG,2749,AG,150.975,2,14
4972ME,4972,ME,142.465,5,11
4970EE,4970,EE,135.55,3,30
4670EE,4670,EE,158.975,3,11
4933CS,4933,CS,158.56,1,26
4931EC,4931,EC,149.67,4,26
2753AG,2753,AG,146.845,2,14
2648EC,2648,EC,137.175,4,2
2IS,2,IS,194,6,10
4966EC,4966,EC,149.85,4,16
2650ME,2650,ME,133.76,5,14
3860CS,3860,CS,144.67,1,31
5942IT,5942,IT,152.78,1,32
4676EE,4676,EE,145.1,3,30
2CH,2,CH,193.68,7,10
3812EE,3812,EE,148.2,3,13
2614TX,2614,TX,153.085,15,9
1512CS,1512,CS,141.68,1,18
1325ME,1325,ME,141.155,5,27
1207RM,1207,RM,147.63,5,27
4982CS,4982,CS,144.095,1,11
4672CE,4672,CE,147.67,2,11
2345EC,2345,EC,146.76,4,2
1CE,1,CE,193.5,2,10
1233CE,1233,CE,155.02,2,27
4993IT,4993,IT,145.365,1,11
1316AO,1316,AO,163.54,5,29
2729ME,2729,ME,151.495,5,14
3461CS,3461,CS,146.81,1,23
3466EC,3466,EC,142.275,4,12
4989IT,4989,IT,152.79,1,16
4964EC,4964,EC,138.33,4,16
3905ME,3905,ME,143.175,5,13
3805CH,3805,CH,138.99,7,33
2743BM,2743,BM,156.715,6,14
4981EC,4981,EC,168.57,4,11
1503CS,1503,CS,144.185,1,18
1GI,1,GI,193.15,2,10
1137EC,1137,EC,136.77,4,25
1399CS,1399,CS,193.095,1,10
1316MZ,1316,MZ,156.67,5,29
3812EC,3812,EC,147.44,4,13
4917BT,4917,BT,154.57,6,30
3462CS,3462,CS,153.21,1,12
1513IT,1513,IT,160.535,1,18
2707EI,2707,EI,158.78,3,17
1450CS,1450,CS,192,1,10
3821CS,3821,CS,140.275,1,34
4954ME,4954,ME,144.25,5,26
4989CS,4989,CS,162.955,1,16
5990CS,5990,CS,152.27,1,32
4944EC,4944,EC,167.01,4,11
5502ME,5502,ME,139.815,5,15
1MA,1,MA,192,5,10
3908EE,3908,EE,145.85,3,13
1IE,1,IE,192,5,10
2758IT,2758,IT,155.9,1,17
2FS,2,FS,191.735,9,10
2705IT,2705,IT,163.35,1,35
4955CE,4955,CE,158.375,2,16
2650EC,2650,EC,149.7,4,14
4994EC,4994,EC,152.815,4,36
3786EC,3786,EC,156.815,4,24
3803CE,3803,CE,143.56,2,34
5935AU,5935,AU,143.9,5,32
1505EC,1505,EC,157.525,4,25
1412EC,1412,EC,149.18,4,6
4672ME,4672,ME,157.77,5,11
2753BM,2753,BM,149.275,6,14
5942CS,5942,CS,159.32,1,32
1303EE,1303,EE,153.33,3,29
4975CS,4975,CS,156.715,1,26
3833EC,3833,EC,154.53,4,4
2349CS,2349,CS,160.045,1,14
1126EC,1126,EC,145.56,4,1
2338AG,2338,AG,144.24,2,14
1212PE,1212,PE,144.5,12,27
3813IT,3813,IT,148.615,1,24
1226EE,1226,EE,151,3,27
4680ME,4680,ME,153.86,5,30
4928ME,4928,ME,146.825,5,11
4984CS,4984,CS,153.24,1,11
1207BM,1207,BM,165.955,6,27
1325EE,1325,EE,143.5,3,27
1503IT,1503,IT,157.81,1,18
1517IT,1517,IT,150.71,1,27
5530ME,5530,ME,151.195,5,28
5502EC,5502,EC,147.045,4,15
4972EC,4972,EC,157.085,4,11
1126RM,1126,RM,146.53,5,1
4994CS,4994,CS,162.42,1,36
5942EC,5942,EC,150.585,4,32
2CL,2,CL,191.735,7,10
3803ME,3803,ME,154.815,5,34
4680CE,4680,CE,158.385,2,30
2629MD,2629,MD,150.64,4,9
1226ME,1226,ME,149.185,5,27
2707RM,2707,RM,164.495,5,17
1399AD,1399,AD,191.36,1,10
4952CS,4952,CS,144.76,1,11
5930CS,5930,CS,153.56,1,28
4965ME,4965,ME,154.325,5,30
4965EE,4965,EE,156.11,3,30
4676ME,4676,ME,146.9,5,30
2769FD,2769,FD,158.065,9,14
1MN,1,MN,191.355,5,10
2727CE,2727,CE,150.99,2,14
5988EC,5988,EC,154.96,4,19
4949CS,4949,CS,158.99,1,16
2731EE,2731,EE,153.14,3,14
4955ME,4955,ME,157.11,5,16
4954EE,4954,EE,160.02,3,26
2653CE,2653,CE,152.905,2,2
4978CS,4978,CS,148.095,1,11
4672EE,4672,EE,150.865,3,11
4993BM,4993,BM,160.19,6,11
4675CS,4675,CS,159.815,1,16
5919CS,5919,CS,150.13,1,15
5530CE,5530,CE,147.83,2,28
4670CE,4670,CE,158.155,2,11
1317CS,1317,CS,191.21,1,10
3841EC,3841,EC,161.775,4,24
2345EE,2345,EE,160.085,3,2
1137CE,1137,CE,154.615,2,25
1212CS,1212,CS,161.175,1,27
2347AG,2347,AG,159.725,2,2
2716AG,2716,AG,153.135,2,14
1408EE,1408,EE,154.74,3,6
5532EE,5532,EE,161.23,3,32
2737IT,2737,IT,159.205,1,14
2607CE,2607,CE,164.945,2,9
4981EE,4981,EE,152.705,3,11
2338BM,2338,BM,155.065,6,14
1304CS,1304,CS,190.945,1,10
1504ME,1504,ME,159.065,5,18
4967CS,4967,CS,157.285,1,36
4966CS,4966,CS,168.855,1,16
2302AG,2302,AG,158.82,2,2
1419CS,1419,CS,190.525,1,10
5902IT,5902,IT,158.65,1,19
3461EC,3461,EC,154.78,4,23
3908EC,3908,EC,162.475,4,13
3810EC,3810,EC,161.3,4,24
5915CS,5915,CS,165.855,1,32
1MI,1,MI,190.515,11,10
3815IT,3815,IT,165.34,1,24
4993AG,4993,AG,157.56,2,11
4959MZ,4959,MZ,165.81,5,30
5921EC,5921,EC,164.45,4,37
2349BM,2349,BM,154.89,6,14
3801EE,3801,EE,159.375,3,38
1501EC,1501,EC,160.845,4,25
2PM,2,PM,190.5,6,10
5907MR,5907,MR,171.935,5,37
4946CS,4946,CS,164.04,1,11
4971CE,4971,CE,157.495,2,11
1126BM,1126,BM,163.2,6,1
4999AD,4999,AD,161.265,1,11
4676EC,4676,EC,165.325,4,30
5921AD,5921,AD,172.585,1,37
1399IT,1399,IT,190.465,1,10
1304AD,1304,AD,190,1,10
4917BM,4917,BM,164.405,6,30
1450IT,1450,IT,190,1,10
1316BM,1316,BM,166.32,6,29
1110EE,1110,EE,167.54,3,1
4962ME,4962,ME,170.155,5,26
5986ME,5986,ME,174.21,5,32
4954IT,4954,IT,176.095,1,26
4680CS,4680,CS,174.585,1,30
2329XS,2329,XS,157.42,1,14
4965BT,4965,BT,173.22,6,30
4864EC,4864,EC,171.36,4,26
2638CS,2638,CS,143.76,1,9
2647CS,2647,CS,134.44,1,9
4955CS,4955,CS,180.44,1,16
2638IT,2638,IT,155.78,1,9
4971IT,4971,IT,179.89,1,11
2625AG,2625,AG,134.42,2,2
2748CS,2748,CS,136.75,1,17
2659ME,2659,ME,135.415,5,2
5832EE,5832,EE,132.67,3,28
2659CS,2659,CS,156.255,1,2
1408ME,1408,ME,134.045,5,6
2624EC,2624,EC,130.51,4,9
1399CB,1399,CB,189.81,1,10
5536EE,5536,EE,147.47,3,32
2613CE,2613,CE,149.85,2,9
2623CS,2623,CS,145.225,1,2
1316MU,1316,MU,147.275,5,29
1399EC,1399,EC,189.76,4,10
2737CS,2737,CS,145.415,1,14
3805RM,3805,RM,144.42,5,33
2628BM,2628,BM,138.385,6,9
4970CS,4970,CS,161.475,1,30
2621CE,2621,CE,142.56,2,21
2601ME,2601,ME,132,5,21
5904ME,5904,ME,157.755,5,15
2628EE,2628,EE,135.44,3,9
3810EE,3810,EE,144.9,3,24
2625BM,2625,BM,130.275,6,2
5915EC,5915,EC,148.2,4,32
3425CE,3425,CE,131.65,2,31
1399BM,1399,BM,189.76,6,10
2609CH,2609,CH,149.9,7,9
1605CS,1605,CS,164.535,1,8
2328ME,2328,ME,150.89,5,9
1301ME,1301,ME,140.165,5,29
2646EC,2646,EC,132.24,4,2
3852CS,3852,CS,157.275,1,13
1PT,1,PT,189.75,14,10
3410ME,3410,ME,135.93,5,31
3016CE,3016,CE,131.275,2,12
2623IT,2623,IT,155.58,1,2
1441CS,1441,CS,143.98,1,8
2743FD,2743,FD,151.14,9,14
1450EC,1450,EC,189.045,4,10
2611ME,2611,ME,137.98,5,9
3795CE,3795,CE,142.275,2,24
2731PD,2731,PD,156.64,12,14
3805CE,3805,CE,137.19,2,33
2630EE,2630,EE,142.85,3,39
3843ME,3843,ME,130.79,5,31
2617EC,2617,EC,131.31,4,9
2726AG,2726,AG,172.265,2,14
1441EE,1441,EE,136.87,3,8
2747EE,2747,EE,142.505,3,17
2683AG,2683,AG,133.955,2,7
2749EC,2749,EC,146.56,4,14
2731ME,2731,ME,149.56,5,14
3806ME,3806,ME,141.24,5,23
2639IT,2639,IT,139.135,1,2
2314AG,2314,AG,150.045,2,9
3456BM,3456,BM,138.9,6,4
4996CS,4996,CS,137.495,1,30
2729EE,2729,EE,157.66,3,14
3760ME,3760,ME,146.85,5,23
3920AD,3920,AD,150.5,1,13
3831CS,3831,CS,154.12,1,24
3021ME,3021,ME,149.1,5,4
1512IT,1512,IT,135.7,1,18
2659EC,2659,EC,154.76,4,2
2641CS,2641,CS,144.25,1,7
1317AD,1317,AD,189,1,10
2752EE,2752,EE,148.1,3,17
2758CS,2758,CS,161.205,1,17
3425ME,3425,ME,143.33,5,31
2302EC,2302,EC,135.815,4,2
3018ME,3018,ME,136.6,5,23
2623EC,2623,EC,135.24,4,2
4917AG,4917,AG,164.405,2,30
1525CS,1525,CS,142.955,1,3
3410EE,3410,EE,147.33,3,31
2639ME,2639,ME,139.24,5,2
3760AG,3760,AG,157.42,2,23
1304IT,1304,IT,188.91,1,10
1317IT,1317,IT,188.605,1,10
2314EE,2314,EE,146.76,3,9
1419IT,1419,IT,188.35,1,10
2624PH,2624,PH,156.955,6,9
1412EE,1412,EE,152.065,3,6
2642EE,2642,EE,144.64,3,21
5532ME,5532,ME,150.175,5,32
4957ME,4957,ME,149.065,5,26
2634BM,2634,BM,161.835,6,9
1309CS,1309,CS,188.075,1,10
5865EE,5865,EE,152.135,3,19
2329ME,2329,ME,156.605,5,14
2683CS,2683,CS,149.525,1,7
3810AG,3810,AG,162.205,2,24
1399EE,1399,EE,187.935,3,10
3813CS,3813,CS,147.64,1,24
2707EE,2707,EE,159.24,3,17
2632EC,2632,EC,142.705,4,9
1434CS,1434,CS,149.615,1,6
2349AD,2349,AD,152.33,1,14
3825EE,3825,EE,142.9,3,4
4917ME,4917,ME,140.99,5,30
2636CE,2636,CE,149.905,2,2
1409EE,1409,EE,150,3,29
2707AG,2707,AG,163.66,2,17
3843EC,3843,EC,151.475,4,31
2715AG,2715,AG,170.725,2,17
5912CS,5912,CS,157.11,1,15
1401EE,1401,EE,149.25,3,29
2624AG,2624,AG,142.81,2,9
2357CE,2357,CE,157.155,2,14
4670ME,4670,ME,154.78,5,11
3701ME,3701,ME,160.58,5,24
2726CE,2726,CE,155.475,2,14
2634FD,2634,FD,144.095,9,9
2624FD,2624,FD,150.24,9,9
5914CS,5914,CS,162.57,1,32
4672EC,4672,EC,162.07,4,11
4957CS,4957,CS,164.13,1,26
2741ME,2741,ME,160.04,5,14
2745EC,2745,EC,156.56,4,14
2650CS,2650,CS,152.01,1,14
3807EC,3807,EC,153.04,4,24
2625IT,2625,IT,151.53,1,2
2609FD,2609,FD,154.67,9,9
2634AG,2634,AG,164.715,2,9
1421EC,1421,EC,149.3,4,6
4024CE,4024,CE,154.2,2,26
5902CS,5902,CS,149.395,1,19
5907IT,5907,IT,163.57,1,37
1399MZ,1399,MZ,187.58,5,10
1436CS,1436,CS,147.78,1,6
2651EE,2651,EE,153.56,3,22
3905EC,3905,EC,157.055,4,13
2708CE,2708,CE,163.29,2,14
2345AD,2345,AD,157.29,1,2
3918EC,3918,EC,159.825,4,13
3786EE,3786,EE,145.08,3,24
2627BT,2627,BT,164.3,6,9
4024EE,4024,EE,166.01,3,26
2713EC,2713,EC,153.64,4,17
1317AL,1317,AL,187.5,1,10
2726AU,2726,AU,148.495,5,14
4669EC,4669,EC,164.515,4,16
2624BM,2624,BM,160.24,6,9
2611AG,2611,AG,155.15,2,9
4678AD,4678,AD,180.45,1,30
3760CS,3760,CS,155.4,1,23
2715CH,2715,CH,151.75,7,17
1237MZ,1237,MZ,162.5,5,1
4024ME,4024,ME,161.44,5,26
3805AE,3805,AE,150.815,5,33
2772CS,2772,CS,153.5,1,14
4917CE,4917,CE,156.615,2,30
2609AG,2609,AG,165.155,2,9
3807EE,3807,EE,152,3,24
2763EC,2763,EC,153.92,4,14
2716BM,2716,BM,154.78,6,14
1115AD,1115,AD,161.525,1,1
5MM,5,MM,153.47,5,31
2630ME,2630,ME,151.78,5,39
5865EC,5865,EC,152.715,4,19
2707CH,2707,CH,155.195,7,17
2769AD,2769,AD,159.15,1,14
1419AD,1419,AD,187.5,1,10
3410EC,3410,EC,160.78,4,31
2607ME,2607,ME,152.385,5,9
1116EC,1116,EC,157,4,1
1316EC,1316,EC,162.9,4,29
3825EC,3825,EC,159.61,4,4
1207EC,1207,EC,162.83,4,27
3805BM,3805,BM,161.045,6,33
5536AG,5536,AG,159.76,2,32
4864CS,4864,CS,171.935,1,26
2PP,2,PP,187.435,12,10
1316EE,1316,EE,158.68,3,29
3918CS,3918,CS,155.04,1,13
2639EC,2639,EC,156.68,4,2
2716EC,2716,EC,152.835,4,14
3829CS,3829,CS,161.85,1,24
2648CS,2648,CS,164.81,1,2
2741CE,2741,CE,153.22,2,14
4917EE,4917,EE,157.415,3,30
2614CS,2614,CS,145.495,1,9
1513CS,1513,CS,155.13,1,18
3815EC,3815,EC,155.35,4,24
2642EC,2642,EC,153.845,4,21
2736ME,2736,ME,154.9,5,14
3806EE,3806,EE,152.14,3,23
5536CS,5536,CS,162.495,1,32
1421CS,1421,CS,160.14,1,6
1210CS,1210,CS,187.405,1,10
4953CS,4953,CS,161.13,1,16
2302CS,2302,CS,167.67,1,2
2755FD,2755,FD,159.825,9,14
2314AD,2314,AD,152.415,1,9
1XC,1,XC,187.035,2,10
2750ME,2750,ME,160.175,5,14
4959CE,4959,CE,157.185,2,30
1304BM,1304,BM,187,6,10
5913TX,5913,TX,156.99,15,28
3819IC,3819,IC,170.49,3,24
1137CS,1137,CS,168.24,1,25
2610BM,2610,BM,161.405,6,9
5935CS,5935,CS,154.9,1,32
2342CS,2342,CS,163.405,1,14
1238EC,1238,EC,160.92,4,1
2327CS,2327,CS,153.835,1,39
3819ME,3819,ME,168.67,5,24
3803CH,3803,CH,150.78,7,34
1507IT,1507,IT,160.89,1,20
2357ME,2357,ME,154.715,5,14
4999CS,4999,CS,152.9,1,11
2630EC,2630,EC,162.695,4,39
1422AD,1422,AD,187,1,10
3819CE,3819,CE,169,2,24
2656ME,2656,ME,168.955,5,22
5536EC,5536,EC,161.475,4,32
1226EC,1226,EC,157.045,4,27
2749IT,2749,IT,163.04,1,14
4980CS,4980,CS,160.87,1,16
3701CE,3701,CE,161,2,24
4669CS,4669,CS,154.35,1,16
1419EC,1419,EC,186.92,4,10
4978BM,4978,BM,157.86,6,11
1124MR,1124,MR,163.385,5,1
1419CB,1419,CB,186.7,1,10
1015ME,1015,ME,157.305,5,18
2651EC,2651,EC,162.14,4,22
1412IT,1412,IT,161.85,1,6
2749CS,2749,CS,157.855,1,14
4934CS,4934,CS,158.715,1,26
3908CS,3908,CS,163.185,1,13
2723EE,2723,EE,170.385,3,17
4971ME,4971,ME,166.525,5,11
3920CS,3920,CS,157.69,1,13
3803EE,3803,EE,159.9,3,34
1409BM,1409,BM,163.45,6,29
4964MR,4964,MR,159.945,5,16
2621CS,2621,CS,171.965,1,21
5865CE,5865,CE,157.42,2,19
2767CS,2767,CS,146.87,1,9
1317BT,1317,BT,186.5,6,10
1233ME,1233,ME,156.525,5,27
5EI,5,EI,164.055,3,31
4960BM,4960,BM,182.355,6,30
4933EC,4933,EC,156.385,4,26
2706CE,2706,CE,168.1,2,14
1401EC,1401,EC,157.02,4,29
1317EC,1317,EC,186.5,4,10
2751ME,2751,ME,161.32,5,14
2606CS,2606,CS,160.53,1,7
1301EE,1301,EE,161.385,3,29
5703IT,5703,IT,165.14,1,28
3760AD,3760,AD,160.175,1,23
2723CE,2723,CE,160.635,2,17
1126AD,1126,AD,166.855,1,1
2AP,2,AP,186.5,8,10
2632BM,2632,BM,157.275,6,9
4971EE,4971,EE,172.99,3,11
1409EC,1409,EC,158.56,4,29
2608CB,2608,CB,178.14,1,39
4944AD,4944,AD,163,1,11
4672CS,4672,CS,167.265,1,11
4680EE,4680,EE,160.67,3,30
1304EC,1304,EC,186.03,4,10
2763CS,2763,CS,163.175,1,14
3795EE,3795,EE,166.11,3,24
1324CS,1324,CS,186,1,10
5935EC,5935,EC,158.11,4,32
3425EE,3425,EE,159.265,3,31
4023CE,4023,CE,164.625,2,11
4670EC,4670,EC,162.715,4,11
2636AD,2636,AD,160.985,1,2
5907CS,5907,CS,167.33,1,37
3812IT,3812,IT,163.68,1,13
3826AD,3826,AD,174.36,1,24
5911CS,5911,CS,158.26,1,32
3806BM,3806,BM,164.58,6,23
3830ME,3830,ME,164.615,5,24
5502CS,5502,CS,165.45,1,15
2347EC,2347,EC,160.415,4,2
2TX,2,TX,185.96,15,10
4955EE,4955,EE,165.7,3,16
5910CE,5910,CE,162.365,2,28
4954CS,4954,CS,177.65,1,26
3782EC,3782,EC,150.47,4,24
2624BT,2624,BT,160.615,6,9
2719CE,2719,CE,174.01,2,14
4980EC,4980,EC,166.53,4,16
3826BM,3826,BM,169.12,6,24
4931CS,4931,CS,166.095,1,26
5988CS,5988,CS,162.68,1,19
1207AD,1207,AD,167.07,1,27
5904EE,5904,EE,164.135,3,15
2CR,2,CR,185.585,11,10
1408IT,1408,IT,168.355,1,6
2704EE,2704,EE,170.355,3,14
1216EI,1216,EI,172.505,3,27
1321PA,1321,PA,185.58,13,10
2610AD,2610,AD,166.36,1,9
1422CS,1422,CS,185.515,1,10
2736CE,2736,CE,161.275,2,14
2302AD,2302,AD,159.69,1,2
2731EC,2731,EC,165.065,4,14
1450EE,1450,EE,185.5,3,10
1210IT,1210,IT,185.33,1,10
5530CS,5530,CS,175.83,1,28
4680EC,4680,EC,166.55,4,30
1501CS,1501,CS,161.385,1,25
4917CD,4917,CD,165.35,1,30
5921CS,5921,CS,164.285,1,37
4676CS,4676,CS,164.92,1,30
1110AD,1110,AD,173.56,1,1
4965EC,4965,EC,168.26,4,30
2702FT,2702,FT,180.065,8,17
1504BT,1504,BT,171,6,18
4917EC,4917,EC,167.57,4,30
1233AD,1233,AD,172.89,1,27
2613IT,2613,IT,173.36,1,9
1401IT,1401,IT,169.065,1,29
4981IT,4981,IT,171.42,1,11
4944CS,4944,CS,173.34,1,11
3805IT,3805,IT,170.78,1,33
4955EC,4955,EC,172.78,4,16
4928CS,4928,CS,169.195,1,11
3425CS,3425,CS,172.255,1,31
1120CS,1120,CS,185.205,1,10
2734EC,2734,EC,173.68,4,14
2606EC,2606,EC,140.07,4,7
4959BT,4959,BT,170.19,6,30
1237EE,1237,EE,171.79,3,1
4678CE,4678,CE,168.175,2,30
1409BT,1409,BT,175.185,6,29
2LE,2,LE,185.155,10,10
2761CS,2761,CS,166.155,1,14
4965BM,4965,BM,167.715,6,30
4962CE,4962,CE,167.21,2,26
4917AD,4917,AD,174.185,1,30
2751IT,2751,IT,177.535,1,14
1309IT,1309,IT,185.065,1,10
2609EE,2609,EE,146.49,3,9
4678EE,4678,EE,174.47,3,30
3801IT,3801,IT,174.935,1,38
4955CB,4955,CB,172.22,1,16
4954EC,4954,EC,172.535,4,26
1399ME,1399,ME,185,5,10
4959EE,4959,EE,171.245,3,30
2727AL,2727,AL,176.635,1,14
4965CS,4965,CS,176.065,1,30
1149CS,1149,CS,184.935,1,10
5832CS,5832,CS,170.975,1,28
4917CS,4917,CS,174.835,1,30
3018CS,3018,CS,173.295,1,23
1321MN,1321,MN,184.49,5,10
5904AD,5904,AD,176.745,1,15
1219AU,1219,AU,180.33,5,27
1140EC,1140,EC,174.22,4,27
5910BM,5910,BM,175.845,6,28
2656AD,2656,AD,183.38,1,22
1XM,1,XM,184.44,5,10
5904IT,5904,IT,175.57,1,15
1210AD,1210,AD,184.275,1,10
2622EE,2622,EE,175.495,3,39
5865CS,5865,CS,173.14,1,19
5904EC,5904,EC,173.385,4,15
4955AD,4955,AD,175.505,1,16
1324IT,1324,IT,184,1,10
2736IT,2736,IT,178.515,1,14
5910EE,5910,EE,173.425,3,28
4959EC,4959,EC,173.965,4,30
5986CE,5986,CE,175.21,2,32
2715ME,2715,ME,143.19,5,17
1422IT,1422,IT,183.86,1,10
4981CS,4981,CS,175.22,1,11
4023IT,4023,IT,179.43,1,11
4959IT,4959,IT,176.47,1,30
3908ME,3908,ME,137.24,5,13
2702AE,2702,AE,181.58,5,17
2665CS,2665,CS,144.41,1,9
2712AU,2712,AU,182.58,5,14
1026EC,1026,EC,180.78,4,27
2718CE,2718,CE,178.81,2,14
4971CS,4971,CS,184.46,1,11
4959CS,4959,CS,179.165,1,30
4962EE,4962,EE,179.365,3,26
2725IT,2725,IT,181.725,1,14
2710TS,2710,TS,179.735,1,14
1211MZ,1211,MZ,181,5,27
2343HT,2343,HT,179.88,15,2
1309AD,1309,AD,183.54,1,10
2721ME,2721,ME,137,5,14
2713CS,2713,CS,153.505,1,17
4955IT,4955,IT,177.9,1,16
1113EI,1113,EI,182.325,3,1
1432CB,1432,CB,186.33,1,27
5009CS,5009,CS,181.415,1,19
1324AD,1324,AD,183.53,1,10
1210CO,1210,CO,183.19,1,10
4960IT,4960,IT,187.65,1,30
2621ME,2621,ME,139.99,5,21
2006TT,2006,TT,183.5,15,14
4974EE,4974,EE,184.99,3,16
1219CE,1219,CE,182.32,2,27
1419CJ,1419,CJ,183,1,10
3464CS,3464,CS,183.615,1,4
2611EE,2611,EE,154.495,3,9
2610ME,2610,ME,139.19,5,9
2007CN,2007,CN,186.81,2,14
2712EI,2712,EI,188.835,3,14
1211CD,1211,CD,188.53,1,27
1316CH,1316,CH,155.5,7,29
2006PN,2006,PN,187.745,5,14
2007CE,2007,CE,188.57,2,14
2007CL,2007,CL,189.58,7,14
1120IT,1120,IT,182.845,1,10
1113IT,1113,IT,189.735,1,1
5008MG,5008,MG,190.5,5,32
5017EE,5017,EE,146.5,3,37
2006IY,2006,IY,192,3,14
1304RM,1304,RM,182.525,5,10
4AU,4,AU,191.815,5,29
1304EE,1304,EE,182.525,3,10
1419EE,1419,EE,182.5,3,10
2705CS,2705,CS,163.395,1,35
2007EY,2007,EY,191.405,3,14
1519CS,1519,CS,148.385,1,5
2302BM,2302,BM,156.89,6,2
3456CS,3456,CS,162.865,1,4
2624AD,2624,AD,153.995,1,9
1207IT,1207,IT,158.56,1,27
2609ME,2609,ME,142.13,5,9
2659BM,2659,BM,157.985,6,2
2006ME,2006,ME,193.5,5,14
3805PH,3805,PH,157.185,6,33
2601CH,2601,CH,156.935,7,21
2302IT,2302,IT,163.12,1,2
1149IT,1149,IT,182.5,1,10
2621EE,2621,EE,158.6,3,21
1120AD,1120,AD,182.5,1,10
2602MD,2602,MD,156.3,4,9
2776AG,2776,AG,164.91,2,14
3795ME,3795,ME,152.56,5,24
2643EC,2643,EC,143.24,4,2
2743EC,2743,EC,159.86,4,14
3760EC,3760,EC,150.1,4,23
4EC,4,EC,196,4,29
3018EE,3018,EE,144.57,3,23
5022CE,5022,CE,150.92,2,28
2643CS,2643,CS,164.88,1,2
3805ME,3805,ME,147.43,5,33
2621EC,2621,EC,165.955,4,21
2716IT,2716,IT,160.495,1,14
2610EC,2610,EC,163.975,4,9
2629IT,2629,IT,152.87,1,9
2621MZ,2621,MZ,155.15,5,21
3016ME,3016,ME,151.395,5,12
2721EE,2721,EE,156.855,3,14
1324EC,1324,EC,182.285,4,10
3817CS,3817,CS,158.9,1,33
2727AG,2727,AG,166.85,2,14
3801ME,3801,ME,152.395,5,38
1313CS,1313,CS,149.68,1,29
1212BM,1212,BM,146.5,6,27
2743AG,2743,AG,158.735,2,14
2721CE,2721,CE,157.56,2,14
5CZ,5,CZ,157.185,2,31
2707CD,2707,CD,159.955,1,17
2736EE,2736,EE,170.045,3,14
1013ME,1013,ME,161.98,5,6
2620EC,2620,EC,172.065,4,9
1422CY,1422,CY,182.035,1,10
2328EE,2328,EE,160.385,3,9
1430EC,1430,EC,146.99,4,8
3814CS,3814,CS,149.21,1,4
2610EE,2610,EE,152.835,3,9
2723MD,2723,MD,167.205,4,17
1303ME,1303,ME,147.425,5,29
4023EE,4023,EE,173.425,3,11
1523IT,1523,IT,163.81,1,25
3810CS,3810,CS,158.69,1,24
1510CS,1510,CS,157.53,1,3
2642IT,2642,IT,165.275,1,21
2611FD,2611,FD,161.33,9,9
3786AE,3786,AE,152.955,5,24
2646CS,2646,CS,161.91,1,2
3019ME,3019,ME,149.495,5,31
2611MC,2611,MC,152.3,5,9
2611EC,2611,EC,159.755,4,9
3454AG,3454,AG,152.67,2,33
2755AG,2755,AG,164.87,2,14
2749AD,2749,AD,156.99,1,14
2624IT,2624,IT,157.295,1,9
3454BM,3454,BM,166.21,6,33
5ME,5,ME,160.58,5,31
2607MZ,2607,MZ,160.725,5,9
2608CE,2608,CE,153.815,2,39
3826ME,3826,ME,156.22,5,24
2729MZ,2729,MZ,158.615,5,14
2613ME,2613,ME,151.88,5,9
2360CS,2360,CS,160.78,1,14
3826CE,3826,CE,156.155,2,24
3843EE,3843,EE,148.01,3,31
1238BM,1238,BM,160.725,6,1
1231CS,1231,CS,182,1,10
1210EC,1210,EC,181.97,4,10
1306CS,1306,CS,181.92,1,10
2747EC,2747,EC,153.43,4,17
2610RM,2610,RM,148.275,5,9
5022ME,5022,ME,158.33,5,28
3825CS,3825,CS,160.99,1,4
2768CS,2768,CS,155.75,1,14
2314EC,2314,EC,158.905,4,9
1149AD,1149,AD,181.92,1,10
2610BT,2610,BT,159.87,6,9
2622ME,2622,ME,168.99,5,39
2357AG,2357,AG,178.375,2,14
1237ME,1237,ME,161.735,5,1
1412CS,1412,CS,166.175,1,6
1207CS,1207,CS,161.835,1,27
5532CS,5532,CS,171.505,1,32
3806EC,3806,EC,151.87,4,23
2661IT,2661,IT,169.9,1,9
2734ME,2734,ME,160.045,5,14
1126CS,1126,CS,163.635,1,1
2601BM,2601,BM,168.5,6,21
2755AE,2755,AE,160.045,5,14
1210CB,1210,CB,181.9,1,10
3829EC,3829,EC,153.485,4,24
2345CS,2345,CS,169.5,1,2
5913CS,5913,CS,165.64,1,28
1118CS,1118,CS,181.86,1,10
2707EC,2707,EC,160.79,4,17
1309EC,1309,EC,181.635,4,10
3782CS,3782,CS,157.96,1,24
1014CE,1014,CE,159.31,2,6
3905CS,3905,CS,169.265,1,13
4972CS,4972,CS,169.33,1,11
3805EE,3805,EE,157.19,3,33
3805EC,3805,EC,159.22,4,33
2721IC,2721,IC,159.395,3,14
2621AE,2621,AE,151.24,5,21
2734MO,2734,MO,157.725,5,14
2726ME,2726,ME,158.495,5,14
2657EC,2657,EC,150.175,4,9
5703CS,5703,CS,157.845,1,28
2624CS,2624,CS,160.835,1,9
2627CS,2627,CS,157.535,1,9
2634EC,2634,EC,156.98,4,9
3804CS,3804,CS,163.11,1,4
2653ME,2653,ME,162.265,5,2
2632CS,2632,CS,157.4,1,9
3810AD,3810,AD,167.55,1,24
3812CS,3812,CS,161.33,1,13
1325EC,1325,EC,162.705,4,27
3021CE,3021,CE,153.43,2,4
2732CS,2732,CS,158.1,1,14
2639CS,2639,CS,162.175,1,2
1505IT,1505,IT,167.14,1,25
1419IC,1419,IC,181.5,3,10
5530EE,5530,EE,159.055,3,28
2735ME,2735,ME,165.735,5,14
1324CO,1324,CO,181.25,1,10
1140ME,1140,ME,157.25,5,27
2609EC,2609,EC,156.99,4,9
2708AU,2708,AU,154.195,5,14
2706AU,2706,AU,165.955,5,14
3841CS,3841,CS,165.165,1,24
2613EE,2613,EE,160.975,3,9
2707ME,2707,ME,158.815,5,17
5862CS,5862,CS,157.77,1,28
2707BM,2707,BM,158.58,6,17
3829IT,3829,IT,162.56,1,24
2764CE,2764,CE,169.91,2,14
1408EC,1408,EC,159.04,4,6
2751EC,2751,EC,172.385,4,14
1520CS,1520,CS,168.44,1,20
1303EC,1303,EC,165.385,4,29
2747CS,2747,CS,158.245,1,17
2611BM,2611,BM,162.1,6,9
2347EE,2347,EE,154.425,3,2
2740ME,2740,ME,160,5,14
2618FT,2618,FT,162.34,8,2
2769CS,2769,CS,160.525,1,14
2328BM,2328,BM,166.09,6,9
3820CS,3820,CS,150.82,1,24
3786CS,3786,CS,163.91,1,24
2609AD,2609,AD,167.64,1,9
5832EC,5832,EC,160.185,4,28
2723ME,2723,ME,163.635,5,17
1505CS,1505,CS,174.255,1,25
1311AO,1311,AO,181,5,10
3811CS,3811,CS,162.615,1,24
2609IT,2609,IT,163.65,1,9
2707CJ,2707,CJ,166.25,1,17
2608ME,2608,ME,162.45,5,39
4023ME,4023,ME,169.86,5,11
2622IT,2622,IT,174,1,39
2736BM,2736,BM,174,6,14
1118BM,1118,BM,180.855,6,10
1311CS,1311,CS,180.735,1,10
2357EC,2357,EC,170.285,4,14
3019CE,3019,CE,154.935,2,31
1401CS,1401,CS,168.15,1,29
2607TX,2607,TX,164.22,15,9
2617CS,2617,CS,160.23,1,9
2661CS,2661,CS,170.58,1,9
2715EC,2715,EC,167.495,4,17
2750AE,2750,AE,166.88,5,14
2776CS,2776,CS,163.745,1,14
3810IT,3810,IT,161.725,1,24
1306BT,1306,BT,180.645,6,10
1504EE,1504,EE,167.13,3,18
2752CS,2752,CS,168.46,1,17
1233EE,1233,EE,157.87,3,27
1231IT,1231,IT,180.46,1,10
4024GI,4024,GI,165.92,2,26
1118AD,1118,AD,180.26,1,10
2708ME,2708,ME,162.76,5,14
2636EC,2636,EC,162.67,4,2
1422EC,1422,EC,180.22,4,10
1408CS,1408,CS,169.27,1,6
2704ME,2704,ME,164.24,5,14
2642CS,2642,CS,168.635,1,21
1399CE,1399,CE,180.19,2,10
3843CS,3843,CS,164.655,1,31
3807IT,3807,IT,170.545,1,24
5530EC,5530,EC,168.855,4,28
2762EC,2762,EC,165.265,4,14
2740PH,2740,PH,161.065,6,14
5022EE,5022,EE,162.58,3,28
2741EC,2741,EC,175.58,4,14
2632IT,2632,IT,157.425,1,9
2752EC,2752,EC,164.175,4,17
1304EI,1304,EI,180,3,10
2708MZ,2708,MZ,163.23,5,14
2752IT,2752,IT,166.155,1,17
4969CS,4969,CS,162.595,1,16
2715EE,2715,EE,158.56,3,17
1230CS,1230,CS,168.615,1,27
1122CS,1122,CS,179.97,1,10
2620BT,2620,BT,176.175,6,9
2723BM,2723,BM,177.495,6,17
2707AD,2707,AD,167.14,1,17
3815CS,3815,CS,170.505,1,24
2732IT,2732,IT,167.535,1,14
3016EE,3016,EE,157.505,3,12
2342EC,2342,EC,155.935,4,14
2609CY,2609,CY,166.995,1,9
1306IT,1306,IT,179.625,1,10
1317EE,1317,EE,179.5,3,10
1450ME,1450,ME,179.495,5,10
3801EC,3801,EC,166.91,4,38
2743AD,2743,AD,163.395,1,14
2657CS,2657,CS,160.185,1,9
1303BT,1303,BT,163.285,6,29
1523CS,1523,CS,160.405,1,25
3805AG,3805,AG,168.57,2,33
1122AD,1122,AD,179.47,1,10
2601BT,2601,BT,172.53,6,21
2634CS,2634,CS,161.835,1,9
1419EI,1419,EI,179.415,3,10
2609CS,2609,CS,163.21,1,9
2726MZ,2726,MZ,170.55,5,14
2636EE,2636,EE,159.725,3,2
2610CY,2610,CY,160.89,1,9
2727BM,2727,BM,170.93,6,14
2744EC,2744,EC,158.44,4,14
5910EC,5910,EC,176.525,4,28
1118IT,1118,IT,179.35,1,10
3830EE,3830,EE,169.81,3,24
2710CE,2710,CE,165.44,2,14
3021EE,3021,EE,161.755,3,4
2607FD,2607,FD,170.37,9,9
2745AD,2745,AD,168.72,1,14
1110EC,1110,EC,168.21,4,1
1311IT,1311,IT,179.33,1,10
1409AD,1409,AD,167.9,1,29
3701EE,3701,EE,166.055,3,24
1120EC,1120,EC,179.285,4,10
2726FD,2726,FD,168.5,9,14
4960CE,4960,CE,174.9,2,30
2704CE,2704,CE,163.9,2,14
2762AD,2762,AD,170.25,1,14
2628CS,2628,CS,159.825,1,9
3826EE,3826,EE,164.56,3,24
5017EC,5017,EC,162.76,4,37
4964CS,4964,CS,162.22,1,16
1504CS,1504,CS,173.55,1,18
2764BM,2764,BM,182.55,6,14
3833CS,3833,CS,170.76,1,4
3806CB,3806,CB,159.89,1,23
2636CS,2636,CS,165.48,1,2
2745CS,2745,CS,172.975,1,14
2357EE,2357,EE,166.645,3,14
3425EC,3425,EC,169.99,4,31
2716CS,2716,CS,169.27,1,14
3807CS,3807,CS,167.36,1,24
2347CS,2347,CS,165.56,1,2
5CE,5,CE,169.055,2,31
2762CS,2762,CS,167.495,1,14
2741EE,2741,EE,167.375,3,14
4020ME,4020,ME,170.825,5,16
3454CS,3454,CS,166.64,1,33
3018EC,3018,EC,162.24,4,23
1114CS,1114,CS,178.68,1,10
2706ME,2706,ME,169.9,5,14
2729AE,2729,AE,168.585,5,14
1216ME,1216,ME,168.475,5,27
1122BT,1122,BT,178.605,6,10
1310AD,1310,AD,178.5,1,10
2354CS,2354,CS,168.92,1,14
2704MZ,2704,MZ,163.845,5,14
1301EC,1301,EC,165.02,4,29
1231CB,1231,CB,178.5,1,10
2740AE,2740,AE,169.01,5,14
2329AG,2329,AG,169,2,14
3019EE,3019,EE,161.815,3,31
2601EE,2601,EE,161.67,3,21
2753CS,2753,CS,163.76,1,14
2708CH,2708,CH,171.9,7,14
1306AD,1306,AD,178.5,1,10
2764ME,2764,ME,172.185,5,14
2621IT,2621,IT,166.81,1,21
2357CS,2357,CS,170.01,1,14
4670CS,4670,CS,175.5,1,11
1110BT,1110,BT,168.865,6,1
2620EE,2620,EE,160.285,3,9
2620CS,2620,CS,174.385,1,9
2710ME,2710,ME,167.97,5,14
2618CE,2618,CE,167.54,2,2
3803EC,3803,EC,171.79,4,34
2725ME,2725,ME,168.32,5,14
5CH,5,CH,168.255,7,31
1149EC,1149,EC,178.495,4,10
3805CS,3805,CS,168.35,1,33
2744CS,2744,CS,167.715,1,14
2723EC,2723,EC,175.79,4,17
2328EC,2328,EC,171.485,4,9
2726EE,2726,EE,169.055,3,14
2622CS,2622,CS,182.08,1,39
2729CB,2729,CB,167.855,1,14
2651AD,2651,AD,161.44,1,22
1507CS,1507,CS,161.8,1,20
2618ME,2618,ME,165.285,5,2
2750EE,2750,EE,166.92,3,14
1303IT,1303,IT,167.13,1,29
1122IT,1122,IT,178.475,1,10
2634AD,2634,AD,165.175,1,9
2329BM,2329,BM,164.44,6,14
1216CE,1216,CE,164.385,2,27
2611CY,2611,CY,173,1,9
4917CB,4917,CB,168.81,1,30
2744IT,2744,IT,167.43,1,14
2707IT,2707,IT,169.13,1,17
2761AD,2761,AD,167.625,1,14
1231AD,1231,AD,178.26,1,10
2750AG,2750,AG,174.725,2,14
1015EE,1015,EE,166.185,3,18
3806CS,3806,CS,165.23,1,23
1233EC,1233,EC,167.69,4,27
2708AG,2708,AG,171.32,2,14
1026ME,1026,ME,167.645,5,27
3826AG,3826,AG,161.35,2,24
1324EE,1324,EE,178.24,3,10
3410CS,3410,CS,167.915,1,31
2656EE,2656,EE,170.825,3,22
1504EC,1504,EC,166.5,4,18
3701AL,3701,AL,169.385,1,24
1118CB,1118,CB,178.075,1,10
3826EC,3826,EC,171.25,4,24
2607EE,2607,EE,169.275,3,9
2734EE,2734,EE,165.935,3,14
4959AD,4959,AD,175.385,1,30
2751CB,2751,CB,173.865,1,14
2622AD,2622,AD,175.205,1,39
1311AD,1311,AD,177.575,1,10
1226CS,1226,CS,165.34,1,27
1115CS,1115,CS,171.805,1,1
2608EE,2608,EE,174.135,3,39
2328IT,2328,IT,166.755,1,9
2721EC,2721,EC,167.185,4,14
2622EC,2622,EC,179.415,4,39
4678ME,4678,ME,168.78,5,30
3701EC,3701,EC,169.75,4,24
2630CS,2630,CS,163.78,1,39
2601EC,2601,EC,167.925,4,21
5010ME,5010,ME,171.43,5,32
1310CS,1310,CS,177.35,1,10
4971EC,4971,EC,177.305,4,11
2727ME,2727,ME,164.87,5,14
2673CS,2673,CS,168.68,1,14
2707CS,2707,CS,169.44,1,17
2613EC,2613,EC,167.56,4,9
2607BT,2607,BT,178.5,6,9
2620BM,2620,BM,174.615,6,9
1303CS,1303,CS,168.175,1,29
2708AE,2708,AE,175.395,5,14
2357IT,2357,IT,168.67,1,14
3021EC,3021,EC,169.165,4,4
2706EI,2706,EI,174.265,3,14
5910ME,5910,ME,167.075,5,28
1118EC,1118,EC,177.155,4,10
2620TS,2620,TS,169.835,1,9
2622BT,2622,BT,178.045,6,39
2751AD,2751,AD,174.295,1,14
3011XC,3011,XC,161.615,2,24
3011CE,3011,CE,171.025,2,24
2622CE,2622,CE,176.38,2,39
3803IT,3803,IT,174.53,1,34
2610IT,2610,IT,172.76,1,9
2731CS,2731,CS,170.76,1,14
1210EE,1210,EE,177.065,3,10
2656CE,2656,CE,170.955,2,22
2610CS,2610,CS,173.46,1,9
1307BM,1307,BM,176.86,6,10
1311EC,1311,EC,176.825,4,10
2722CE,2722,CE,172.425,2,14
2661EC,2661,EC,168.645,4,9
3830EC,3830,EC,173,4,24
5EE,5,EE,170.25,3,31
2314CS,2314,CS,162.5,1,9
4962EC,4962,EC,181.79,4,26
5010CE,5010,CE,172.36,2,32
2729EC,2729,EC,166.145,4,14
1114IT,1114,IT,176.79,1,10
3016EC,3016,EC,165.475,4,12
2755CS,2755,CS,170,1,14
1231EC,1231,EC,176.755,4,10
3011PC,3011,PC,172.955,12,24
1317EI,1317,EI,176.505,3,10
1217CE,1217,CE,176.47,2,10
5904CS,5904,CS,180.065,1,15
3011AU,3011,AU,167.93,5,24
2715AD,2715,AD,169.145,1,17
2726BM,2726,BM,175.495,6,14
2653EE,2653,EE,172.725,3,2
1303AD,1303,AD,170.845,1,29
3830AL,3830,AL,170.77,1,24
2750EC,2750,EC,174.6,4,14
1316IT,1316,IT,171.35,1,29
1309EE,1309,EE,176.33,3,10
2743CS,2743,CS,169.14,1,14
1307CS,1307,CS,176.155,1,10
1414CS,1414,CS,175.91,1,10
2715IT,2715,IT,171.81,1,17
2727EE,2727,EE,171.55,3,14
2329EC,2329,EC,169.56,4,14
2608EC,2608,EC,177.81,4,39
4678EC,4678,EC,178.135,4,30
1317CH,1317,CH,175.87,7,10
2722IC,2722,IC,176.8,3,14
2739ME,2739,ME,176.065,5,14
1424AD,1424,AD,175.78,1,10
2651CS,2651,CS,170.925,1,22
2618MZ,2618,MZ,169.615,5,2
1509CS,1509,CS,175.5,1,10
1306EC,1306,EC,175.5,4,10
1419ME,1419,ME,175.185,5,10
1422EE,1422,EE,174.985,3,10
3841AD,3841,AD,168.24,1,24
3819EE,3819,EE,173.175,3,24
1325IT,1325,IT,170.44,1,27
2708EI,2708,EI,171,3,14
1501IT,1501,IT,171.035,1,25
5009CE,5009,CE,167.955,2,19
2735EE,2735,EE,168.99,3,14
2727BT,2727,BT,177.475,6,14
4023EC,4023,EC,179.485,4,11
2741CS,2741,CS,179.58,1,14
2764CH,2764,CH,174.9,7,14
2711CH,2711,CH,174,7,17
1120EE,1120,EE,174.935,3,10
1504IT,1504,IT,174.72,1,18
2634IT,2634,IT,167.71,1,9
2708EE,2708,EE,171.955,3,14
2719ME,2719,ME,175.705,5,14
5009ME,5009,ME,167.78,5,19
1225CS,1225,CS,174.9,1,10
2722ME,2722,ME,173.975,5,14
4024EC,4024,EC,175.5,4,26
2736EC,2736,EC,174.365,4,14
2708FD,2708,FD,174.825,9,14
5910CB,5910,CB,181.085,1,28
2734CD,2734,CD,171.46,1,14
3795EC,3795,EC,172.5,4,24
1120EI,1120,EI,174.865,3,10
1409CS,1409,CS,169.075,1,29
1225IT,1225,IT,174.325,1,10
1217CS,1217,CS,174.275,1,10
1238CS,1238,CS,173,1,1
3806IT,3806,IT,177.27,1,23
2653CB,2653,CB,175.295,1,2
3464ME,3464,ME,167.955,5,4
2607CB,2607,CB,170.485,1,9
2710ET,2710,ET,172.56,4,14
1419MU,1419,MU,174.24,5,10
2357AD,2357,AD,174.715,1,14
1233CS,1233,CS,176.485,1,27
5910IT,5910,IT,179.9,1,28
2329CS,2329,CS,173.42,1,14
2613CS,2613,CS,171.65,1,9
1122EC,1122,EC,174.155,4,10
2608AL,2608,AL,178.29,1,39
2620IT,2620,IT,173.8,1,9
2607EC,2607,EC,173.635,4,9
2715CS,2715,CS,174.825,1,17
2329AD,2329,AD,174.205,1,14
2750BT,2750,BT,179.835,6,14
1520IT,1520,IT,170.22,1,20
3805FD,3805,FD,169.78,9,33
1307IT,1307,IT,174.065,1,10
1128ME,1128,ME,174.67,5,1
2653EC,2653,EC,174.89,4,2
1301CS,1301,CS,174.275,1,29
2711AU,2711,AU,171.965,5,17
1110IT,1110,IT,173.495,1,1
2653AD,2653,AD,175.035,1,2
1014EC,1014,EC,172.845,4,6
1316AD,1316,AD,171.72,1,29
3464CE,3464,CE,168.78,2,4
3011ME,3011,ME,171.26,5,24
1306AE,1306,AE,173.83,5,10
1325CS,1325,CS,173.53,1,27
1304CE,1304,CE,173.705,2,10
1216AG,1216,AG,176.98,2,27
2702TX,2702,TX,173.755,15,17
1316CS,1316,CS,171.01,1,29
1311EE,1311,EE,173.7,3,10
2328CS,2328,CS,173.48,1,9
1118EE,1118,EE,173.6,3,10
2729AD,2729,AD,174.54,1,14
1216MD,1216,MD,170.135,4,27
1149EE,1149,EE,173.505,3,10
1414IT,1414,IT,173.5,1,10
2611CS,2611,CS,170.61,1,9
2628AD,2628,AD,172.46,1,9
2369CE,2369,CE,172.075,2,7
1026EE,1026,EE,173.845,3,27
2740EC,2740,EC,171.78,4,14
1015EC,1015,EC,172.82,4,18
4020GI,4020,GI,174.045,2,16
2750BM,2750,BM,173.705,6,14
1419CE,1419,CE,173.35,2,10
1116CS,1116,CS,178.5,1,1
2607AD,2607,AD,178.1,1,9
3805AD,3805,AD,171.955,1,33
3019EC,3019,EC,169.46,4,31
3465CE,3465,CE,172.065,2,24
4960ME,4960,ME,176.56,5,30
2764EE,2764,EE,176.855,3,14
3830CB,3830,CB,173.57,1,24
1301IT,1301,IT,171.3,1,29
1413EC,1413,EC,171.76,4,27
3819CB,3819,CB,175.515,1,24
1216EE,1216,EE,174.855,3,27
1216CH,1216,CH,174.76,7,27
5986EC,5986,EC,184.325,4,32
2329IT,2329,IT,174.67,1,14
2706EE,2706,EE,176.33,3,14
2708BM,2708,BM,176.9,6,14
1304ME,1304,ME,173.255,5,10
3016CS,3016,CS,172.595,1,12
2726AO,2726,AO,181.495,5,14
2369ME,2369,ME,171.705,5,7
2727FD,2727,FD,172.92,9,14
5532EC,5532,EC,168.645,4,32
1422EI,1422,EI,172.875,3,10
2736AD,2736,AD,176.46,1,14
2726EC,2726,EC,173.525,4,14
2719AE,2719,AE,177.655,5,14
3011EE,3011,EE,176.145,3,24
1413ME,1413,ME,167.295,5,27
1432ME,1432,ME,175.24,5,27
2711CE,2711,CE,172.96,2,17
2735EC,2735,EC,174,4,14
1237EC,1237,EC,174,4,1
2723IT,2723,IT,178.21,1,17
3801CS,3801,CS,179.845,1,38
1110CS,1110,CS,176.145,1,1
3701AD,3701,AD,173.945,1,24
1422ME,1422,ME,172.52,5,10
1310EC,1310,EC,172.495,4,10
4917IT,4917,IT,174.43,1,30
3826IT,3826,IT,177.825,1,24
1516ME,1516,ME,173,5,20
2329BT,2329,BT,177.535,6,14
1413AD,1413,AD,174,1,27
2727EC,2727,EC,176.89,4,14
5017CS,5017,CS,170.5,1,37
2729CS,2729,CS,174.495,1,14
2710EE,2710,EE,174.605,3,14
5022EC,5022,EC,171.67,4,28
1210CE,1210,CE,172.36,2,10
1307EC,1307,EC,172.32,4,10
2711ME,2711,ME,176.045,5,17
2607IT,2607,IT,174.385,1,9
2611IT,2611,IT,172.155,1,9
1310IT,1310,IT,172.105,1,10
4023CS,4023,CS,181.98,1,11
1420CS,1420,CS,171.855,1,10
1509IT,1509,IT,171.79,1,10
3465ME,3465,ME,173.69,5,24
2721CS,2721,CS,175.35,1,14
3019CS,3019,CS,174.13,1,31
2622BM,2622,BM,176.58,6,39
2734TS,2734,TS,173.5,1,14
2618BM,2618,BM,174.055,6,2
3795CS,3795,CS,181.56,1,24
1317ME,1317,ME,171.78,5,10
2726AL,2726,AL,175.24,1,14
2653CS,2653,CS,180,1,2
1101CS,1101,CS,171.605,1,10
3819EC,3819,EC,178.065,4,24
1311AE,1311,AE,171.53,5,10
3701CS,3701,CS,176.3,1,24
2750CB,2750,CB,175.21,1,14
3803CS,3803,CS,181.065,1,34
2708EC,2708,EC,174.245,4,14
2739EE,2739,EE,180.515,3,14
5EC,5,EC,177.3,4,31
2601IT,2601,IT,175.15,1,21
2719EI,2719,EI,179.29,3,14
1322CS,1322,CS,171.5,1,10
2734AD,2734,AD,174.935,1,14
2711MZ,2711,MZ,177.56,5,17
2702ME,2702,ME,176.56,5,17
2608AD,2608,AD,176.955,1,39
1413CS,1413,CS,177.315,1,27
2723CS,2723,CS,181.79,1,17
1211AU,1211,AU,174.92,5,27
4974ME,4974,ME,177.24,5,16
1114EC,1114,EC,171.405,4,10
1237AD,1237,AD,176.36,1,1
1225EC,1225,EC,171.22,4,10
2740CS,2740,CS,175.44,1,14
2607CS,2607,CS,178.35,1,9
1216EC,1216,EC,177.35,4,27
5910AD,5910,AD,180.47,1,28
1218CS,1218,CS,171.1,1,10
2740IT,2740,IT,174.735,1,14
3826CS,3826,CS,181.69,1,24
2656CS,2656,CS,178.175,1,22
2656EC,2656,EC,175.49,4,22
2750AD,2750,AD,177.24,1,14
5986EE,5986,EE,181.65,3,32
2727AD,2727,AD,178.61,1,14
2725EE,2725,EE,174.12,3,14
3830AD,3830,AD,174.98,1,24
3464EE,3464,EE,174.575,3,4
1431CS,1431,CS,170.9,1,10
4960BT,4960,BT,182.5,6,30
1217BT,1217,BT,170.825,6,10
3830IT,3830,IT,177.035,1,24
2702CE,2702,CE,176.5,2,17
1140AD,1140,AD,176.5,1,27
2712TX,2712,TX,180.5,15,14
2601CS,2601,CS,177.25,1,21
2734SB,2734,SB,174.64,1,14
3819AD,3819,AD,179.6,1,24
1452CS,1452,CS,170.745,1,10
2702AU,2702,AU,176.77,5,17
2764EC,2764,EC,181.205,4,14
1014IT,1014,IT,176.31,1,6
2719RM,2719,RM,179.535,5,14
2725EC,2725,EC,177.875,4,14
2622CH,2622,CH,175.285,7,39
2722EE,2722,EE,180.855,3,14
1217AD,1217,AD,170.605,1,10
2653IT,2653,IT,178.055,1,2
2712FT,2712,FT,181.5,8,14
2751CS,2751,CS,179.41,1,14
1113CE,1113,CE,177.27,2,1
1101IT,1101,IT,170.395,1,10
4020EC,4020,EC,180.55,4,16
2735AD,2735,AD,178.605,1,14
1442AD,1442,AD,170.3,1,10
2736CS,2736,CS,180.525,1,14
2740AD,2740,AD,175.885,1,14
1211CE,1211,CE,176.385,2,27
5009EE,5009,EE,173.91,3,19
1218PH,1218,PH,169.925,6,10
1140CS,1140,CS,179.7,1,27
4960EE,4960,EE,181.93,3,30
3021CS,3021,CS,175.835,1,4
1422MD,1422,MD,169.92,4,10
1228CS,1228,CS,169.585,1,10
2710CD,2710,CD,177.395,1,14
5910CS,5910,CS,182.5,1,28
1422AG,1422,AG,169.12,2,10
2608IT,2608,IT,179.67,1,39
2726CS,2726,CS,178.76,1,14
1516CE,1516,CE,174.47,2,20
2734IT,2734,IT,177.615,1,14
2708AL,2708,AL,177.5,1,14
2618EE,2618,EE,175.82,3,2
5IT,5,IT,180.165,1,31
5022CS,5022,CS,177.425,1,28
2702MC,2702,MC,179.78,5,17
2711EI,2711,EI,180.35,3,17
4974CE,4974,CE,182.24,2,16
1442CS,1442,CS,169.095,1,10
1013EC,1013,EC,175.95,4,6
1211ME,1211,ME,179.715,5,27
1237CS,1237,CS,179.5,1,1
5CF,5,CF,176.955,1,31
1237IT,1237,IT,177.64,1,1
1420IT,1420,IT,169.075,1,10
1015CS,1015,CS,176.625,1,18
2750CS,2750,CS,179.155,1,14
2708CS,2708,CS,178.24,1,14
2708IT,2708,IT,176.81,1,14
1127CS,1127,CS,169.07,1,10
2710EC,2710,EC,179.295,4,14
2726IT,2726,IT,176.955,1,14
1127IT,1127,IT,169.03,1,10
1324ME,1324,ME,169,5,10
1317CE,1317,CE,168.415,2,10
1405CS,1405,CS,168.38,1,10
1128EC,1128,EC,179.46,4,1
4962IT,4962,IT,182.955,1,26
1311MZ,1311,MZ,168.35,5,10
1140IT,1140,IT,176.78,1,27
3819IT,3819,IT,180.505,1,24
2719BM,2719,BM,183,6,14
2704EC,2704,EC,177.955,4,14
1447IT,1447,IT,168.35,1,10
2709AU,2709,AU,177.34,5,17
2719EE,2719,EE,181.845,3,14
2727IT,2727,IT,179.325,1,14
2702FD,2702,FD,181.705,9,17
1118ME,1118,ME,168.22,5,10
1013IT,1013,IT,179.065,1,6
1307EE,1307,EE,168.165,3,10
4678CS,4678,CS,186.03,1,30
2727CS,2727,CS,181.55,1,14
1309ME,1309,ME,167.67,5,10
1113ME,1113,ME,178.9,5,1
2369EE,2369,EE,177.315,3,7
2603ME,2603,ME,177.215,5,21
2709ME,2709,ME,178.305,5,17
5AM,5,AM,182.46,1,31
1422CE,1422,CE,167.475,2,10
2706EC,2706,EC,181.155,4,14
1405AD,1405,AD,167.33,1,10
2608CS,2608,CS,183.955,1,39
2739EC,2739,EC,183.505,4,14
2735IT,2735,IT,180.385,1,14
2764AD,2764,AD,182.81,1,14
1322IT,1322,IT,167.055,1,10
2725CS,2725,CS,179.5,1,14
1014CS,1014,CS,177.89,1,6
1122CH,1122,CH,166.92,7,10
1216AL,1216,AL,179.575,1,27
2025ME,2025,ME,180.5,5,14
1216AD,1216,AD,180.395,1,27
5009EC,5009,EC,178.415,4,19
2702EI,2702,EI,182.13,3,17
1210ME,1210,ME,166.295,5,10
3465EE,3465,EE,178.77,3,24
4962CS,4962,CS,186.01,1,26
2735CS,2735,CS,179.725,1,14
2739CO,2739,CO,182.745,1,14
5986IT,5986,IT,185.51,1,32
2718ME,2718,ME,182.755,5,14
1424CS,1424,CS,166,1,10
2618EC,2618,EC,180,4,2
2711FD,2711,FD,185.395,9,17
1202IT,1202,IT,165.8,1,10
1310EE,1310,EE,165.755,3,10
3830CS,3830,CS,183.79,1,24
2709CE,2709,CE,178.705,2,17
2704CS,2704,CS,181,1,14
1414EC,1414,EC,165.725,4,10
1211AE,1211,AE,186.11,5,27
1432EC,1432,EC,182.295,4,27
2734CS,2734,CS,178.925,1,14
1420EC,1420,EC,165.67,4,10
1219MR,1219,MR,179.175,5,27
1120ME,1120,ME,165.64,5,10
2618AD,2618,AD,181.605,1,2
2710SC,2710,SC,180.705,1,14
2702AG,2702,AG,182.205,2,17
1112EC,1112,EC,183.065,4,1
3464EC,3464,EC,179.44,4,4
1304AU,1304,AU,165.57,5,10
1218IT,1218,IT,165.56,1,10
5901ME,5901,ME,180.78,5,15
2702BM,2702,BM,183.9,6,17
4020CS,4020,CS,183.615,1,16
2764CS,2764,CS,185.38,1,14
1013CS,1013,CS,182.32,1,6
1219ME,1219,ME,183.5,5,27
1426EE,1426,EE,165.19,3,10
1128AD,1128,AD,182.43,1,1
1211CH,1211,CH,182.67,7,27
1452EC,1452,EC,165.11,4,10
2718MZ,2718,MZ,181.965,5,14
1509EC,1509,EC,165,4,10
3011PH,3011,PH,181.21,6,24
5986CS,5986,CS,188.25,1,32
2739CB,2739,CB,183.5,1,14
1149ME,1149,ME,164.825,5,10
1225EE,1225,EE,164.67,3,10
1432AD,1432,AD,183,1,27
5CS,5,CS,184.185,1,31
5010EC,5010,EC,181.44,4,32
2706IT,2706,IT,182.8,1,14
1202CS,1202,CS,164.525,1,10
2710AD,2710,AD,182.11,1,14
2615ME,2615,ME,182.53,5,2
1407CS,1407,CS,163.75,1,10
4960EC,4960,EC,186,4,30
2711EE,2711,EE,183.085,3,17
2615CE,2615,CE,182.24,2,2
1219CH,1219,CH,183.635,7,27
2618IT,2618,IT,182.385,1,2
3011EC,3011,EC,180.81,4,24
1211BM,1211,BM,189,6,27
1437EE,1437,EE,163.49,3,10
2006FY,2006,FY,187,8,14
2603EE,2603,EE,181.635,3,21
2369EC,2369,EC,180.81,4,7
2702BT,2702,BT,186.255,6,17
1516EE,1516,EE,180.22,3,20
3819CS,3819,CS,184.385,1,24
1112AL,1112,AL,184.855,1,1
2739AD,2739,AD,185.35,1,14
1216BM,1216,BM,184.155,6,27
1128CS,1128,CS,184.82,1,1
2711CD,2711,CD,184.5,1,17
2710IT,2710,IT,181.54,1,14
1311FT,1311,FT,163.395,8,10
2702EE,2702,EE,184.3,3,17
2706AD,2706,AD,182.93,1,14
1216CS,1216,CS,184.58,1,27
1211RM,1211,RM,184.5,5,27
1322FD,1322,FD,163.13,9,10
1211FD,1211,FD,185.1,9,27
1120AU,1120,AU,163.13,5,10
2710CS,2710,CS,183.56,1,14
2704IT,2704,IT,182.19,1,14
1516EC,1516,EC,183.245,4,20
2702CT,2702,CT,185,1,17
2719EC,2719,EC,184.8,4,14
1211BT,1211,BT,187.035,6,27
5901CE,5901,CE,183.23,2,15
1335EE,1335,EE,162.78,3,10
1309CE,1309,CE,162.67,2,10
2719CJ,2719,CJ,183.11,1,14
2722EC,2722,EC,184.505,4,14
1228BM,1228,BM,162.5,6,10
5010CS,5010,CS,184.01,1,32
1106CS,1106,CS,162.475,1,10
3011IT,3011,IT,183.585,1,24
1322CE,1322,CE,162.375,2,10
2618CS,2618,CS,184.97,1,2
4960AD,4960,AD,186.5,1,30
1112CB,1112,CB,184.23,1,1
1216IT,1216,IT,182.47,1,27
2739IT,2739,IT,185.67,1,14
1228EC,1228,EC,162.315,4,10
2712CE,2712,CE,183.605,2,14
1026CS,1026,CS,185.755,1,27
2006PS,2006,PS,185.5,5,14
2702SE,2702,SE,184.92,1,17
2711AL,2711,AL,185.01,1,17
2615MT,2615,MT,184.99,5,2
1414EE,1414,EE,162.295,3,10
1431IT,1431,IT,162.255,1,10
1411CS,1411,CS,161.93,1,10
2711EC,2711,EC,186.595,4,17
3011BT,3011,BT,186.15,6,24
2702EC,2702,EC,186.33,4,17
3465EC,3465,EC,184.605,4,24
2706CS,2706,CS,185.47,1,14
2702CB,2702,CB,186.01,1,17
1218AD,1218,AD,161.925,1,10
1217FD,1217,FD,161.75,9,10
1311ME,1311,ME,161.5,5,10
1211EE,1211,EE,185.13,3,27
1113EE,1113,EE,185.9,3,1
1432CO,1432,CO,187.02,1,27
2719IT,2719,IT,186.5,1,14
1306ME,1306,ME,161.475,5,10
2702AL,2702,AL,185.865,1,17
1218CE,1218,CE,161.35,2,10
1427CS,1427,CS,161.245,1,10
4974EC,4974,EC,187.56,4,16
2719AD,2719,AD,185.35,1,14
1432CS,1432,CS,186.5,1,27
2709EE,2709,EE,183.525,3,17
2739CS,2739,CS,187.38,1,14
1113CD,1113,CD,185.315,1,1
2025EE,2025,EE,184.595,3,14
1311CE,1311,CE,161.21,2,10
4960CS,4960,CS,189.12,1,30
1114EE,1114,EE,161.13,3,10
1202EC,1202,EC,160.925,4,10
1442BM,1442,BM,160.88,6,10
2369CS,2369,CS,184.205,1,7
1106IT,1106,IT,160.68,1,10
2712ME,2712,ME,186,5,14
1122ME,1122,ME,160.57,5,10
2711AD,2711,AD,187.14,1,17
1112IT,1112,IT,185.86,1,1
1127BT,1127,BT,160.5,6,10
1319EI,1319,EI,160.44,3,10
2006TX,2006,TX,186.47,15,14
2718CJ,2718,CJ,187.475,1,14
1217EC,1217,EC,160.375,4,10
2722AD,2722,AD,186.64,1,14
2702AD,2702,AD,187.14,1,17
5901EE,5901,EE,186.635,3,15
1335CE,1335,CE,160.255,2,10
1414ME,1414,ME,160.24,5,10
2005PR,2005,PR,186.055,5,14
1101EC,1101,EC,160.08,4,10
3011CS,3011,CS,186,1,24
1322AG,1322,AG,160.07,2,10
2377CE,2377,CE,186.67,2,14
1112CS,1112,CS,187.175,1,1
2722IT,2722,IT,186.23,1,14
1113AD,1113,AD,189,1,1
2718EE,2718,EE,187.54,3,14
2711IT,2711,IT,188.2,1,17
1424EC,1424,EC,159.68,4,10
1225ME,1225,ME,159.585,5,10
2712AE,2712,AE,189,5,14
2603EC,2603,EC,185.405,4,21
2005CE,2005,CE,186.465,2,14
5008CN,5008,CN,186.5,2,32
1414CE,1414,CE,158.68,2,10
2719CS,2719,CS,188.665,1,14
1113EC,1113,EC,188,4,1
2702IT,2702,IT,187.98,1,17
2006MT,2006,MT,188.645,5,14
1113CB,1113,CB,186.53,1,1
1431EC,1431,EC,158.46,4,10
2722CS,2722,CS,188.015,1,14
2712MZ,2712,MZ,187.045,5,14
1219EE,1219,EE,188.5,3,27
2006AS,2006,AS,189,5,14
2006MY,2006,MY,187.175,5,14
2709EC,2709,EC,185.92,4,17
1516CS,1516,CS,187.285,1,20
1420AE,1420,AE,158.315,5,10
1217BM,1217,BM,158,6,10
1123IT,1123,IT,157.845,1,10
2025EC,2025,EC,187.635,4,14
1211AL,1211,AL,189.5,1,27
2006MS,2006,MS,188.01,5,14
4RP,4,RP,188.265,3801CS,29
2005IB,2005,IB,189.385,6,14
2007MF,2007,MF,188,5,14
2711CS,2711,CS,189.5,1,17
3465CS,3465,CS,186.745,1,24
5008MF,5008,MF,188.695,5,32
1221CS,1221,CS,157.275,1,10
1322EC,1322,EC,156.365,4,10
1106CE,1106,CE,156.315,2,10
2603CS,2603,CS,187.65,1,21
1416CS,1416,CS,156.285,1,10
1217MH,1217,MH,156,5,10
2005ME,2005,ME,188.24,5,14
2702CS,2702,CS,189.815,1,17
1211CB,1211,CB,189.925,1,27
2709IT,2709,IT,187.22,1,17
2718CB,2718,CB,189.5,1,14
4974CS,4974,CS,190.83,1,16
1319IT,1319,IT,155.965,1,10
1211EC,1211,EC,189.745,4,27
1219BT,1219,BT,191.5,6,27
1319CS,1319,CS,155.845,1,10
1123AE,1123,AE,155.7,5,10
1106TX,1106,TX,155.5,15,10
1122CE,1122,CE,155.35,2,10
2712EE,2712,EE,190.195,3,14
2007CH,2007,CH,190.745,7,14
2006PR,2006,PR,189.5,5,14
2718EC,2718,EC,190,4,14
2377ME,2377,ME,189.625,5,14
1315CE,1315,CE,190.5,2,29
2712BT,2712,BT,190.53,6,14
5008CE,5008,CE,190.165,2,32
2709CS,2709,CS,188.44,1,17
2712SE,2712,SE,190.5,1,14
2025CS,2025,CS,190.57,1,14
4PR,4,PR,191,5,29
2007ME,2007,ME,190.185,5,14
2718AD,2718,AD,190.5,1,14
5008ME,5008,ME,190.5,5,32
1319AD,1319,AD,155.21,1,10
5901EC,5901,EC,189.525,4,15
1120CE,1120,CE,155,2,10
2615EE,2615,EE,189.5,3,2
1113CS,1113,CS,191.01,1,1
1311AU,1311,AU,154.805,5,10
1211IT,1211,IT,190.265,1,27
2006CN,2006,CN,189.975,2,14
2718IT,2718,IT,190.7,1,14
2006ES,2006,ES,191.14,3,14
5901CS,5901,CS,191.21,1,15
1123CS,1123,CS,154.78,1,10
1219EC,1219,EC,191.13,4,27
1315CH,1315,CH,191.5,7,29
2377EE,2377,EE,192,3,14
1211CS,1211,CS,192,1,27
2718CS,2718,CS,192,1,14
1411IT,1411,IT,154.49,1,10
1315ME,1315,ME,192.01,5,29
2005EI,2005,EI,191,3,14
1219AD,1219,AD,192,1,27
1127EC,1127,EC,154,4,10
2615EC,2615,EC,191.045,4,2
5008EY,5008,EY,191.365,3,32
2712EC,2712,EC,192.145,4,14
2712AD,2712,AD,192.255,1,14
2006MF,2006,MF,191.745,5,14
5008CW,5008,CW,192.495,1,32
2006BS,2006,BS,193.58,6,14
1219IT,1219,IT,192.155,1,27
1452EE,1452,EE,153.87,3,10
1405EC,1405,EC,153.615,4,10
2615CS,2615,CS,192.295,1,2
2005EE,2005,EE,192.25,3,14
2006CE,2006,CE,192.5,2,14
5008EE,5008,EE,192.47,3,32
2006BY,2006,BY,192.59,6,14
2712IT,2712,IT,192.865,1,14
2007EE,2007,EE,192.385,3,14
1420ME,1420,ME,152.99,5,10
2006RA,2006,RA,193.065,5,14
1307CE,1307,CE,152.01,2,10
1315BM,1315,BM,193.5,6,29
2712CS,2712,CS,193.49,1,14
5008IM,5008,IM,193.075,1,32
5008EM,5008,EM,193.12,4,32
1219CS,1219,CS,193.79,1,27
4MF,4,MF,193,5,29
5012CC,5012,CC,193,7,15
2007AT,2007,AT,193.5,1,14
1114ME,1114,ME,151.9,5,10
2377EC,2377,EC,193.275,4,14
2007EM,2007,EM,193.1,4,14
2005IT,2005,IT,193.21,1,14
1335EC,1335,EC,151.86,4,10
5008EC,5008,EC,194.5,4,32
1315EE,1315,EE,194,3,29
2005EC,2005,EC,193.35,4,14
1407ME,1407,ME,150.64,5,10
2007IM,2007,IM,193.93,1,14
2377CS,2377,CS,194.33,1,14
2007EC,2007,EC,194,4,14
5008CM,5008,CM,194.155,1,32
1218EC,1218,EC,150.025,4,10
2007CM,2007,CM,194.365,1,14
5008CS,5008,CS,195.02,1,32
2006EE,2006,EE,194.5,3,14
2007CS,2007,CS,194.9,1,14
1315EC,1315,EC,195,4,29
2005CS,2005,CS,194.615,1,14
4EI,4,EI,194.515,3,29
1315IT,1315,IT,195.01,1,29
4AE,4,AE,195.585,5,29
2006EM,2006,EM,195.54,4,14
2006IM,2006,IM,195.5,1,14
4EM,4,EM,195.35,4,29
1315CS,1315,CS,197,1,29
4IM,4,IM,195.585,1,29
2006CM,2006,CM,197.5,1,14
1322BM,1322,BM,150,6,10
2006EC,2006,EC,197.065,4,14
1133CS,1133,CS,149.945,1,10
4CM,4,CM,196.5,1,29
1310ME,1310,ME,149.885,5,10
4CS,4,CS,197.175,1,29
1424PE,1424,PE,149.295,12,10
1407BM,1407,BM,148.585,6,10
1319ME,1319,ME,148.48,5,10
1405ME,1405,ME,148.275,5,10
2737EC,2737,EC,153.76,4,14
1205CS,1205,CS,134.465,1,27
1310CE,1310,CE,147.705,2,10
1101ME,1101,ME,147.6,5,10
2737EE,2737,EE,160.635,3,14
1116EE,1116,EE,134.76,3,1
2745EE,2745,EE,100.19,3,14
1405EE,1405,EE,147.13,3,10
1127CH,1127,CH,146.295,7,10
1125CS,1125,CS,146.29,1,10
2716EE,2716,EE,129.9,3,14
2732EC,2732,EC,132.56,4,14
2761EC,2761,EC,108,4,14
2743EE,2743,EE,148.67,3,14
2673EC,2673,EC,158.315,4,14
1411AE,1411,AE,146.2,5,10
1407EC,1407,EC,146.045,4,10
2354EE,2354,EE,167.145,3,14
2744EE,2744,EE,134.265,3,14
2673EE,2673,EE,127.07,3,14
2716GI,2716,GI,145.54,2,14
1218BM,1218,BM,146,6,10
1447ME,1447,ME,145.85,5,10
2367EC,2367,EC,164.585,4,14
2367CS,2367,CS,129.955,1,14
1217MU,1217,MU,145.095,5,10
1202EE,1202,EE,144.89,3,10
1424RM,1424,RM,144.705,5,10
1127EE,1127,EE,144.7,3,10
5502EE,5502,EE,169.285,3,15
1230EE,1230,EE,157.33,3,27
5915EE,5915,EE,106,3,32
3821EC,3821,EC,177.045,4,34
1333EC,1333,EC,163,4,29
4979EC,4979,EC,159.3,4,30
1409RM,1409,RM,132.99,5,29
1333CS,1333,CS,121,1,29
4979CS,4979,CS,118,1,30
2342EE,2342,EE,143.67,3,14
1431EE,1431,EE,144.525,3,10
1407MR,1407,MR,144.42,5,10
1106EC,1106,EC,144.33,4,10
1424EE,1424,EE,143.9,3,10
1509CE,1509,CE,143.685,2,10
1243CS,1243,CS,143.55,1,10
4979EE,4979,EE,170.49,3,30
3821EE,3821,EE,144.955,3,34
5914EC,5914,EC,133.975,4,32
2360EC,2360,EC,109.5,4,14
4979IT,4979,IT,155.51,1,30
4938CS,4938,CS,143.5,1,11
2769EC,2769,EC,152.135,4,14
1426IT,1426,IT,143.42,1,10
1411BT,1411,BT,143.245,6,10
1452CE,1452,CE,142.9,2,10
1407EE,1407,EE,141.955,3,10
1426CS,1426,CS,141.135,1,10
4966EE,4966,EE,154.385,3,16
2769EE,2769,EE,136.9,3,14
1520EE,1520,EE,126,3,20
5914EE,5914,EE,116.1,3,32
1526EC,1526,EC,163.935,4,25
2332CS,2332,CS,165.69,1,17
2367AD,2367,AD,127.99,1,14
1526CS,1526,CS,149.835,1,25
4944EE,4944,EE,142.615,3,11
4864EE,4864,EE,151.605,3,26
1452ME,1452,ME,140.08,5,10
1509EE,1509,EE,139.475,3,10
1202ME,1202,ME,139.145,5,10
1123EC,1123,EC,138.715,4,10
1526EE,1526,EE,177.13,3,25
3815EE,3815,EE,155.24,3,24
4980EE,4980,EE,136.56,3,16
1212EE,1212,EE,126.67,3,27
5942EE,5942,EE,124.01,3,32
2643EE,2643,EE,89,3,2
2648EE,2648,EE,81,3,2
5911EC,5911,EC,133.135,4,32
2768EC,2768,EC,106.5,4,14
2355CS,2355,CS,169.835,1,39
2716RM,2716,RM,141,5,14
2367CB,2367,CB,98.5,1,14
2338CS,2338,CS,141.67,1,14
4928EC,4928,EC,159.5,4,11
1447EC,1447,EC,138.5,4,10
4669EE,4669,EE,140.99,3,16
3833EE,3833,EE,135.34,3,4
5911EE,5911,EE,120.47,3,32
4972EE,4972,EE,113,3,11
2338EE,2338,EE,84,3,14
4953EC,4953,EC,133.955,4,16
4970EC,4970,EC,133.85,4,30
3820EC,3820,EC,130.815,4,24
2772EC,2772,EC,120,4,14
4989EC,4989,EC,102,4,16
2758EC,2758,EC,80,4,17
3833AE,3833,AE,162.705,5,4
2761RM,2761,RM,153.42,5,14
1517CS,1517,CS,81,1,27
5935EE,5935,EE,124,3,32
4969EC,4969,EC,133.08,4,16
4928EE,4928,EE,130.7,3,11
3833ME,3833,ME,136.53,5,4
3833CE,3833,CE,144.715,2,4
2356EE,2356,EE,157.815,3,39
4964EE,4964,EE,127.19,3,16
1517EE,1517,EE,115.5,3,27
4953EE,4953,EE,114.24,3,16
3820EE,3820,EE,105.5,3,24
2758EE,2758,EE,89.645,3,17
4952EC,4952,EC,163.86,4,11
4996EC,4996,EC,143.045,4,30
5912EC,5912,EC,137.755,4,15
4957EC,4957,EC,127.395,4,26
1241EC,1241,EC,125.5,4,1
4943CS,4943,CS,147.32,1,11
2769CB,2769,CB,123,1,14
3810EI,3810,EI,109.5,3,24
3021XC,3021,XC,95,2,4
1505EE,1505,EE,154.615,3,25
4969EE,4969,EE,149.19,3,16
4953IT,4953,IT,144.73,1,16
4675EC,4675,EC,156.705,4,16
4931EE,4931,EE,126.5,3,26
4952EE,4952,EE,157.78,3,11
2650EE,2650,EE,140.575,3,14
4675EE,4675,EE,128.9,3,16
4978EE,4978,EE,124.955,3,11
4996EE,4996,EE,124.275,3,30
1507EE,1507,EE,124.045,3,20
1241EE,1241,EE,122.815,3,1
1313EC,1313,EC,134.76,4,29
5919EC,5919,EC,130.185,4,15
4946EC,4946,EC,86.5,4,11
5990EC,5990,EC,85,4,32
4952IT,4952,IT,149.035,1,11
4993EC,4993,EC,133.33,4,11
3811EC,3811,EC,142.385,4,24
4957IT,4957,IT,155.69,1,26
1125AE,1125,AE,137.89,5,10
4993EE,4993,EE,164.755,3,11
5990EE,5990,EE,143.955,3,32
5703EE,5703,EE,127.92,3,28
3811EE,3811,EE,124.045,3,24
3804EE,3804,EE,110,3,4
5919EE,5919,EE,100.38,3,15
5913EE,5913,EE,98,3,28
4949EE,4949,EE,80.5,3,16
4927EC,4927,EC,161.66,4,11
4999EC,4999,EC,158.635,4,11
4934EC,4934,EC,158.35,4,26
1444EC,1444,EC,147.67,4,29
1222EC,1222,EC,114.705,4,27
1511CS,1511,CS,168.165,1,25
4956CS,4956,CS,161.31,1,11
1222CS,1222,CS,138.475,1,27
1444CS,1444,CS,87,1,29
2717CS,2717,CS,85.5,1,22
3829EE,3829,EE,139.955,3,24
4992CS,4992,CS,161.86,1,11
4927CS,4927,CS,149.99,1,11
4992EC,4992,EC,145.185,4,11
3804ME,3804,ME,116,5,4
3804CE,3804,CE,154.24,2,4
1222EE,1222,EE,151.12,3,27
4934EE,4934,EE,144.9,3,26
3456EE,3456,EE,135.815,3,4
4992EE,4992,EE,133.615,3,11
1137EE,1137,EE,127.33,3,25
3802EC,3802,EC,157.185,4,24
1209EC,1209,EC,150.655,4,27
3831EC,3831,EC,139,4,24
2614EC,2614,EC,130.19,4,9
1518EC,1518,EC,116.24,4,18
5907EC,5907,EC,114,4,37
2625EC,2625,EC,95.385,4,2
5720CS,5720,CS,162.5,1,28
3804BM,3804,BM,138.98,6,4
1222IT,1222,IT,136.53,1,27
1518CS,1518,CS,136.2,1,18
3802CS,3802,CS,136.045,1,24
2349RM,2349,RM,133.1,5,14
1209CS,1209,CS,119,1,27
3801IC,3801,IC,136.045,3,38
2625CS,2625,CS,119.475,1,2
2652EC,2652,EC,143.605,4,17
2346CS,2346,CS,127.215,1,2
4992IT,4992,IT,153.955,1,11
2652CS,2652,CS,141.32,1,17
3456ME,3456,ME,114.265,5,4
3831EE,3831,EE,157.34,3,24
2346EE,2346,EE,152.53,3,2
2713EE,2713,EE,146.42,3,17
1518EE,1518,EE,136.045,3,18
5988EE,5988,EE,134.765,3,19
5907EE,5907,EE,132.275,3,37
5921EE,5921,EE,131.36,3,37
3782EE,3782,EE,129.145,3,24
2625EE,2625,EE,121.85,3,2
2652EE,2652,EE,121.475,3,17
1209EE,1209,EE,107.5,3,27
2770EC,2770,EC,144.32,4,14
3804AU,3804,AU,121.275,5,4
3831IT,3831,IT,119.75,1,24
2614IT,2614,IT,114.5,1,9
5533CS,5533,CS,85,1,15
4983CS,4983,CS,146.845,1,11
2627EC,2627,EC,108.27,4,9
2652IT,2652,IT,153.865,1,17
1209IT,1209,IT,131.275,1,27
4975EC,4975,EC,142.795,4,26
2770CS,2770,CS,103,1,14
1431ME,1431,ME,137.78,5,10
4975EE,4975,EE,144.13,3,26
1523EE,1523,EE,116.6666667,3,25
2627EE,2627,EE,85,3,9
3813EC,3813,EC,147.385,4,24
5902EC,5902,EC,115,4,19
3849EC,3849,EC,87.5,4,4
2717AD,2717,AD,151.08,1,22
3849CS,3849,CS,147.98,1,4
3849EE,3849,EE,139.85,3,4
5902EE,5902,EE,138.825,3,19
3855EC,3855,EC,154.99,4,4
4984EC,4984,EC,151.9,4,11
2327EC,2327,EC,111.395,4,39
1529CS,1529,CS,161.76,1,18
3855CS,3855,CS,146.91,1,4
3849IT,3849,IT,155.99,1,4
3849ME,3849,ME,82,5,4
3849CE,3849,CE,131.115,2,4
3855EE,3855,EE,144.385,3,4
4984EE,4984,EE,140.1,3,11
2327EE,2327,EE,131.67,3,39
2617EE,2617,EE,120.615,3,9
2624EE,2624,EE,82,3,9
3920EC,3920,EC,165.085,4,13
5930EC,5930,EC,150.605,4,28
4982EC,4982,EC,149.415,4,11
1513EC,1513,EC,149.385,4,18
1229EC,1229,EC,137.18,4,1
2748EC,2748,EC,93.045,4,17
1423CS,1423,CS,138.7,1,29
4984IT,4984,IT,138.045,1,11
2658CS,2658,CS,80,1,2
5921CB,5921,CB,159.635,1,37
3855CE,3855,CE,138.1,2,4
4982EE,4982,EE,152.98,3,11
2748EE,2748,EE,145.885,3,17
1229EE,1229,EE,128.56,3,1
2632EE,2632,EE,117.67,3,9
1513EE,1513,EE,114.385,3,18
5930EE,5930,EE,83,3,28
2602EC,2602,EC,143.25,4,9
3814EC,3814,EC,136.1,4,4
4995EC,4995,EC,106.5,4,30
4993RM,4993,RM,157.665,5,11
4995CS,4995,CS,143.5,1,30
2602CS,2602,CS,89,1,9
4995EE,4995,EE,129,3,30
2683EE,2683,EE,114.24,3,7
1434EC,1434,EC,140.81,4,6
4961EC,4961,EC,127.19,4,16
2640EC,2640,EC,83.5,4,7
4976CS,4976,CS,112,1,26
3804AG,3804,AG,95,2,4
5842CS,5842,CS,86.5,1,15
2640CS,2640,CS,80,1,7
4961CS,4961,CS,142.395,1,16
3814ME,3814,ME,139.9,5,4
2641EE,2641,EE,148.035,3,7
2640EE,2640,EE,145.045,3,7
5842EE,5842,EE,140.81,3,15
3461EE,3461,EE,135.24,3,23
4961EE,4961,EE,132.85,3,16
1434EE,1434,EE,118.42,3,6
3817EC,3817,EC,130.055,4,33
1436EC,1436,EC,96,4,6
4686CS,4686,CS,145.275,1,11
3812EI,3812,EI,138.57,3,13
5842IT,5842,IT,93.25,1,15
1605EC,1605,EC,114.5,4,8
3918EE,3918,EE,138.1,3,13
1436EE,1436,EE,127.615,3,6
3857EC,3857,EC,155.025,4,12
3852EC,3852,EC,136.55,4,13
3860EC,3860,EC,88.5,4,31
2633CS,2633,CS,149.625,1,9
4983RM,4983,RM,148.85,5,11
3808CS,3808,CS,141.53,1,24
3857CS,3857,CS,131.715,1,12
3817EE,3817,EE,143.585,3,33
1427EC,1427,EC,137.525,4,10
2705EC,2705,EC,151.825,4,35
3844CS,3844,CS,142.67,1,24
1605EE,1605,EE,164.44,3,8
2705EE,2705,EE,137.81,3,35
1605IT,1605,IT,125,1,8
3860EE,3860,EE,89,3,31
4945EC,4945,EC,141.35,4,11
4948EC,4948,EC,141.295,4,11
4929EC,4929,EC,130.595,4,11
4941EC,4941,EC,92.5,4,26
3808IT,3808,IT,141.67,1,24
4677CS,4677,CS,141.525,1,11
4941CS,4941,CS,140.81,1,26
3850CS,3850,CS,139.32,1,24
2640AD,2640,AD,136.385,1,7
4929CS,4929,CS,132.53,1,11
4948CS,4948,CS,118.615,1,11
4945CS,4945,CS,118.5,1,11
1243EC,1243,EC,136.75,4,10
3857EE,3857,EE,123.5,3,12
3462EC,3462,EC,98.25,4,12
4929EE,4929,EE,141.75,3,11
4948EE,4948,EE,139.67,3,11
4941EE,4941,EE,137.955,3,26
3846EC,3846,EC,151.01,4,13
2635CS,2635,CS,113.5,1,9
2657RM,2657,RM,92,5,9
3846CS,3846,CS,139.955,1,13
3462EE,3462,EE,94.5,3,12
2635EE,2635,EE,146.135,3,9
3846EE,3846,EE,120.845,3,13
2767EE,2767,EE,84,3,9
1524EC,1524,EC,98,4,18
5924CS,5924,CS,147.835,1,37
1438CS,1438,CS,134.615,1,20
1524CS,1524,CS,115.53,1,18
2611MD,2611,MD,87.5,4,9
4994EE,4994,EE,134.155,3,36
5924EE,5924,EE,150.53,3,37
1524EE,1524,EE,145.9,3,18
4967EC,4967,EC,136.42,4,36
1449EC,1449,EC,133.99,4,6
1449CS,1449,CS,121.85,1,6
3848CS,3848,CS,82,1,4
4967EE,4967,EE,84,3,36
1512EC,1512,EC,126.33,4,18
3848ME,3848,ME,117.355,5,4
3848CE,3848,CE,136.44,2,4
1512EE,1512,EE,137.85,3,18
2341EC,2341,EC,114,4,2
3822CS,3822,CS,132.24,1,31
2341CS,2341,CS,82.5,1,2
1510EC,1510,EC,80.5,4,3
2341EE,2341,EE,94,3,2
4968EC,4968,EC,152.065,4,36
3809EC,3809,EC,102.25,4,24
3809CS,3809,CS,128.475,1,24
4968CS,4968,CS,130.74,1,36
1525EC,1525,EC,156.535,4,3
3466CS,3466,CS,95,1,12
4968EE,4968,EE,143.67,3,36
2647EC,2647,EC,88,4,9
1525EE,1525,EE,126.045,3,3
1402EC,1402,EC,97.25,4,8
2647EE,2647,EE,130.85,3,9
4977CS,4977,CS,126.5,1,11
1430EE,1430,EE,126.135,3,8
1402EE,1402,EE,110,3,8
3926EC,3926,EC,87,4,13
3926CS,3926,CS,118,1,13
1519EE,1519,EE,117.78,3,5
3926EE,3926,EE,138.33,3,13
1235CS,1235,CS,111.5,1,27
2733CS,2733,CS,88,1,22
1435EC,1435,EC,98,4,27
1435CS,1435,CS,88,1,27
3854CS,3854,CS,86,1,13
3854EE,3854,EE,112.25,3,13
3460CS,3460,CS,83.5,1,24
3460EE,3460,EE,87,3,24
1445CS,1445,CS,87.5,1,6
3766CS,3766,CS,81,1,4
2612EC,2612,EC,85.25,4,9
2350EC,2350,EC,80.25,4,22
2612CS,2612,CS,85.5,1,9
2350CS,2350,CS,80.75,1,22
3766ME,3766,ME,82.75,5,4
2350EE,2350,EE,80,3,22
4938ME,4938,ME,173.55,5,11
2356ME,2356,ME,167.33,5,39
4952ME,4952,ME,166.495,5,11
4943ME,4943,ME,165.275,5,11
3820ME,3820,ME,165.275,5,24
2717ME,2717,ME,161.46,5,22
4996ME,4996,ME,160.1,5,30
4934ME,4934,ME,159.725,5,26
4983ME,4983,ME,158.31,5,11
3813ME,3813,ME,154.355,5,24
3846ME,3846,ME,153.46,5,13
2769ME,2769,ME,152.65,5,14
5942ME,5942,ME,151.24,5,32
3821ME,3821,ME,150.955,5,34
5988ME,5988,ME,150.765,5,19
5533ME,5533,ME,150.045,5,15
2367ME,2367,ME,148.525,5,14
1238ME,1238,ME,147.49,5,1
4927ME,4927,ME,147.275,5,11
2763ME,2763,ME,147.1,5,14
1511ME,1511,ME,145.385,5,25
5924ME,5924,ME,145.045,5,37
4961ME,4961,ME,141.415,5,16
3831ME,3831,ME,141.275,5,24
1107ME,1107,ME,141,5,1
5919ME,5919,ME,140.56,5,15
4864ME,4864,ME,140.525,5,26
2752ME,2752,ME,140.33,5,17
3850ME,3850,ME,140.135,5,24
1230ME,1230,ME,139.175,5,27
2772ME,2772,ME,138.9,5,14
4982ME,4982,ME,138.67,5,11
2617ME,2617,ME,138.385,5,9
4677ME,4677,ME,137.47,5,11
4949ME,4949,ME,136.525,5,16
3810ME,3810,ME,136.24,5,24
1333ME,1333,ME,136.145,5,29
1116ME,1116,ME,135.705,5,1
2732ME,2732,ME,135.705,5,14
1409ME,1409,ME,135.67,5,29
2758ME,2758,ME,135.475,5,17
4675ME,4675,ME,135.065,5,16
2716ME,2716,ME,135,5,14
1512ME,1512,ME,135,5,18
2614ME,2614,ME,134.385,5,9
2713ME,2713,ME,134.095,5,17
3812ME,3812,ME,133.815,5,13
3817ME,3817,ME,133.42,5,33
1222ME,1222,ME,133.36,5,27
5017ME,5017,ME,133.19,5,37
2744ME,2744,ME,133.1,5,14
1137ME,1137,ME,133.1,5,25
5703ME,5703,ME,132.925,5,28
4686ME,4686,ME,132.24,5,11
1507ME,1507,ME,131.955,5,20
2776ME,2776,ME,131.79,5,14
2745ME,2745,ME,131.65,5,14
1524ME,1524,ME,131.615,5,18
2628ME,2628,ME,131.385,5,9
4931ME,4931,ME,131.2,5,26
1241ME,1241,ME,130.135,5,1
2647ME,2647,ME,130.045,5,9
4933ME,4933,ME,129.85,5,26
1513ME,1513,ME,128.85,5,18
1115ME,1115,ME,128.705,5,1
4966ME,4966,ME,128.475,5,16
4970ME,4970,ME,128.275,5,30
3815ME,3815,ME,128.275,5,24
1402ME,1402,ME,128.275,5,8
1444ME,1444,ME,128.275,5,29
1505ME,1505,ME,127.99,5,25
4967ME,4967,ME,127.76,5,36
3918ME,3918,ME,126.5,5,13
4984ME,4984,ME,126.475,5,11
4992ME,4992,ME,126.275,5,11
2762ME,2762,ME,126,5,14
2648ME,2648,ME,125.925,5,2
2624ME,2624,ME,125.67,5,9
2652ME,2652,ME,125.135,5,17
3454ME,3454,ME,124.815,5,33
1401ME,1401,ME,124.705,5,29
2768ME,2768,ME,124.33,5,14
5914ME,5914,ME,123.5,5,32
1434ME,1434,ME,123.485,5,6
4946ME,4946,ME,123.385,5,11
3860ME,3860,ME,122.705,5,31
2360ME,2360,ME,121.42,5,14
5921ME,5921,ME,121.405,5,37
2341ME,2341,ME,121.24,5,2
2625ME,2625,ME,121.19,5,2
4975ME,4975,ME,120.955,5,26
2338ME,2338,ME,118.76,5,14
5912ME,5912,ME,118.385,5,15
1501ME,1501,ME,118.1,5,25
1519ME,1519,ME,118.07,5,5
2683ME,2683,ME,118.025,5,7
3811ME,3811,ME,118,5,24
5913ME,5913,ME,117.385,5,28
3854ME,3854,ME,116.42,5,13
4953ME,4953,ME,116.395,5,16
1503ME,1503,ME,115.42,5,18
1523ME,1523,ME,115.28,5,25
2327ME,2327,ME,115.1,5,39
2767ME,2767,ME,114.135,5,9
1519CE,1519,CE,123.9,2,5
1313ME,1313,ME,112.455,5,29
2641ME,2641,ME,111.64,5,7
5915ME,5915,ME,111.615,5,32
5990ME,5990,ME,111.5,5,32
2705ME,2705,ME,110.705,5,35
3809ME,3809,ME,110,5,24
3920ME,3920,ME,109.85,5,13
1520ME,1520,ME,106.5,5,20
3841ME,3841,ME,106.5,5,24
1436ME,1436,ME,105,5,6
3782ME,3782,ME,102.5,5,24
4964ME,4964,ME,102,5,16
1124ME,1124,ME,100.5,5,1
1212ME,1212,ME,98.75,5,27
1518ME,1518,ME,97.5,5,18
2345ME,2345,ME,95,5,2
2354ME,2354,ME,94.5,5,14
3460ME,3460,ME,94.5,5,24
2302ME,2302,ME,94.17,5,2
4994ME,4994,ME,93,5,36
4989ME,4989,ME,92.5,5,16
2748ME,2748,ME,92,5,17
3926ME,3926,ME,90.5,5,13
5907ME,5907,ME,90,5,37
2634ME,2634,ME,90,5,9
4999ME,4999,ME,88.5,5,11
4977ME,4977,ME,88.5,5,11
5935ME,5935,ME,88.5,5,32
4669ME,4669,ME,88,5,16
2749ME,2749,ME,87.5,5,14
2743ME,2743,ME,86.5,5,14
4978ME,4978,ME,86.25,5,11
3829ME,3829,ME,85,5,24
2753ME,2753,ME,85,5,14
2627ME,2627,ME,84.5,5,9
1517ME,1517,ME,84.5,5,27
4969ME,4969,ME,84.5,5,16
2747ME,2747,ME,84,5,17
2606ME,2606,ME,84,5,7
2640ME,2640,ME,83.88,5,7
2673ME,2673,ME,83.5,5,14
2646ME,2646,ME,83.13,5,2
3461ME,3461,ME,81.5,5,23
2770ME,2770,ME,81,5,14
3786ME,3786,ME,80,5,24
5842ME,5842,ME,80,5,15
2350ME,2350,ME,79,5,22
5930ME,5930,ME,78,5,28
1205CE,1205,CE,175.41,2,27
2737CE,2737,CE,172.13,2,14
1116CE,1116,CE,171,2,1
1226CE,1226,CE,166.185,2,27
4978CE,4978,CE,165.26,2,11
1520CE,1520,CE,163.1,2,20
1316CE,1316,CE,160.535,2,29
4952CE,4952,CE,159.85,2,11
4944CE,4944,CE,159.835,2,11
3852CE,3852,CE,158.955,2,13
1517CE,1517,CE,158.79,2,27
4967CE,4967,CE,158.33,2,36
2705CE,2705,CE,155.01,2,35
4975CE,4975,CE,154.835,2,26
4927CE,4927,CE,153.67,2,11
3815CE,3815,CE,153.6,2,24
4964CE,4964,CE,150.89,2,16
5988CE,5988,CE,149.495,2,19
2346CE,2346,CE,148.43,2,2
2367CE,2367,CE,148.33,2,14
3807CE,3807,CE,147.845,2,24
4972CE,4972,CE,147.43,2,11
2640CE,2640,CE,147.33,2,7
4946CE,4946,CE,146.9,2,11
4970CE,4970,CE,146.075,2,30
2772CE,2772,CE,145.955,2,14
3821CE,3821,CE,145.585,2,34
4968CE,4968,CE,144.475,2,36
5915CE,5915,CE,144.24,2,32
5703CE,5703,CE,144.185,2,28
2617CE,2617,CE,143.9,2,9
2342CE,2342,CE,143.61,2,14
3018CE,3018,CE,143.5,2,23
2658CE,2658,CE,143.25,2,2
1513CE,1513,CE,142.815,2,18
4992CE,4992,CE,141.99,2,11
3846CE,3846,CE,141.955,2,13
4954CE,4954,CE,141.44,2,26
1436CE,1436,CE,139.955,2,6
5921CE,5921,CE,139.9,2,37
5907CE,5907,CE,139.855,2,37
2755CE,2755,CE,139.095,2,14
2661CE,2661,CE,138,2,9
2673CE,2673,CE,137.955,2,14
4996CE,4996,CE,137.745,2,30
2641CE,2641,CE,137.315,2,7
4981CE,4981,CE,137.1,2,11
4969CE,4969,CE,136.715,2,16
4675CE,4675,CE,136.67,2,16
3820CE,3820,CE,135.615,2,24
4953CE,4953,CE,135.56,2,16
1529CE,1529,CE,135,2,18
3843CE,3843,CE,134.955,2,31
5912CE,5912,CE,134.42,2,15
5942CE,5942,CE,134.065,2,32
4929CE,4929,CE,133.385,2,11
2743CE,2743,CE,132.705,2,14
2345CE,2345,CE,132.67,2,2
2744CE,2744,CE,132.475,2,14
5502CE,5502,CE,132.33,2,15
5017CE,5017,CE,132.21,2,37
4931CE,4931,CE,132.13,2,26
2650CE,2650,CE,131.615,2,14
2776CE,2776,CE,130.955,2,14
3841CE,3841,CE,130.385,2,24
3811CE,3811,CE,129.395,2,24
4928CE,4928,CE,128.975,2,11
2634CE,2634,CE,128.9,2,9
4686CE,4686,CE,128.53,2,11
4966CE,4966,CE,128.5,2,16
3817CE,3817,CE,128.275,2,33
2652CE,2652,CE,127.77,2,17
3905CE,3905,CE,127.5,2,13
2762CE,2762,CE,127.415,2,14
4933CE,4933,CE,126.63,2,26
2625CE,2625,CE,126.5,2,2
1501CE,1501,CE,125.84,2,25
2659CE,2659,CE,125.33,2,2
4994CE,4994,CE,125,2,36
5935CE,5935,CE,123.56,2,32
1505CE,1505,CE,123.5,2,25
1409CE,1409,CE,122.815,2,29
4864CE,4864,CE,122.135,2,26
2763CE,2763,CE,120.615,2,14
1434CE,1434,CE,120.5,2,6
3920CE,3920,CE,120.385,2,13
2642CE,2642,CE,119.615,2,21
3812CE,3812,CE,119.5,2,13
3801CE,3801,CE,118.9,2,38
4999CE,4999,CE,118.525,2,11
1523CE,1523,CE,117.705,2,25
2748CE,2748,CE,117,2,17
2606CE,2606,CE,116,2,7
1401CE,1401,CE,116,2,29
1421CE,1421,CE,115.24,2,6
3918CE,3918,CE,114.5,2,13
2601CE,2601,CE,111,2,21
3016XM,3016,XM,163.54,5,12
3926CE,3926,CE,107,2,13
5990CE,5990,CE,105.5,2,32
1503CE,1503,CE,104,2,18
5902CE,5902,CE,103.5,2,19
5862CE,5862,CE,103,2,28
2646CE,2646,CE,99,2,2
2747CE,2747,CE,94.5,2,17
3810CE,3810,CE,92,2,24
4669CE,4669,CE,91.5,2,16
5930CE,5930,CE,90,2,28
2715CE,2715,CE,87.5,2,17
5832CE,5832,CE,86.5,2,28
1511CE,1511,CE,86,2,25
5533CE,5533,CE,83.5,2,15
1412CE,1412,CE,83,2,6
2651CE,2651,CE,82.5,2,22
4993CE,4993,CE,81.5,2,11
3829CE,3829,CE,80,2,24
3410CE,3410,CE,80,2,31
4965CE,4965,CE,79,2,30
1525ME,1525,ME,113.67,5,3
1510ME,1510,ME,88,5,3
1510CE,1510,CE,105,2,3
3857ME,3857,ME,152.04,5,12
1525CE,1525,CE,92,2,3
1518AE,1518,AE,168.405,5,18
1107FD,1107,FD,168.35,9,1
2614PE,2614,PE,165.395,12,9
5907AE,5907,AE,164.295,5,37
4937MZ,4937,MZ,160.95,5,16
4024XM,4024,XM,160.635,5,26
4023XC,4023,XC,160.185,2,11
5907CH,5907,CH,153.525,7,37
2716MZ,2716,MZ,152.065,5,14
5017XC,5017,XC,151.5,2,37
2716TX,2716,TX,150.37,15,14
1434AE,1434,AE,149.135,5,6
1523PE,1523,PE,148.955,12,25
4949IN,4949,IN,148.61,5,16
2634SF,2634,SF,148.42,5,9
1313BM,1313,BM,145.81,6,29
4976AG,4976,AG,145.47,2,26
5919CH,5919,CH,144.84,7,15
4992AU,4992,AU,144.7,5,11
5022XC,5022,XC,143.705,2,28
4978AE,4978,AE,143.42,5,11
3016XC,3016,XC,141.67,2,12
4983AE,4983,AE,141.385,5,11
4024XC,4024,XC,141.345,2,26
2721AU,2721,AU,140.725,5,14
3018XM,3018,XM,140.475,5,23
1014XC,1014,XC,140,2,6
2758AU,2758,AU,139.985,5,17
5862AU,5862,AU,139.9,5,28
2657SF,2657,SF,139.475,5,9
2768EN,2768,EN,138.615,2,14
1449AG,1449,AG,137.42,2,6
5017XM,5017,XM,136.315,5,37
4976AE,4976,AE,135.97,5,26
4917CH,4917,CH,135.045,7,30
2606AE,2606,AE,135.04,5,7
2716AE,2716,AE,134.615,5,14
5862AE,5862,AE,133.955,5,28
1015XM,1015,XM,133.815,5,18
2634AE,2634,AE,133.07,5,9
4949MZ,4949,MZ,132.815,5,16
3019XC,3019,XC,132.5,2,31
2625CH,2625,CH,132.42,7,2
2769PE,2769,PE,132,12,14
4948FT,4948,FT,131,8,11
2601AE,2601,AE,130.93,5,21
1434AU,1434,AU,130.9,5,6
2614TC,2614,TC,130.5,15,9
1503CH,1503,CH,130,7,18
1409AU,1409,AU,129.47,5,29
2360MZ,2360,MZ,128.5,5,14
2768AO,2768,AO,127.5,5,14
5913PD,5913,PD,126.955,12,28
2776AU,2776,AU,125.21,5,14
1441ME,1441,ME,113.5,5,8
3011XM,3011,XM,124.56,5,24
2628AU,2628,AU,124.19,5,9
2341BM,2341,BM,123.24,6,2
4964AE,4964,AE,123,5,16
1401CH,1401,CH,122.47,7,29
5530AU,5530,AU,122.41,5,28
2624CH,2624,CH,122.395,7,9
3817CH,3817,CH,121.5,7,33
4023XM,4023,XM,117.75,5,11
2349FD,2349,FD,117.5,9,14
2733FT,2733,FT,114.68,8,22
2613AU,2613,AU,112,5,9
4949MU,4949,MU,111,5,16
1503BT,1503,BT,109,6,18
1222AE,1222,AE,108.835,5,27
1230AE,1230,AE,98,5,27
2614PC,2614,PC,96.5,12,9
2749PE,2749,PE,94.5,12,14
1150BM,1150,BM,94.5,6,1
4964MU,4964,MU,92.5,5,16
3844BM,3844,BM,92,6,24
4989MU,4989,MU,89,5,16
3019XM,3019,XM,87,5,31
1013XM,1013,XM,86,5,6
2648AU,2648,AU,85.25,5,2
1150AG,1150,AG,84.5,2,1
2602IE,2602,IE,84.5,5,9
3786MZ,3786,MZ,84,5,24
4943AE,4943,AE,82.5,5,11
1150FD,1150,FD,81.5,9,1
2763MZ,2763,MZ,81,5,14
2623BM,2623,BM,134.585,6,2
3805AO,3805,AO,133.655,5,33
1523AU,1523,AU,128.385,5,25
1126AG,1126,AG,142.76,2,1
2707XM,2707,XM,126.415,5,17
4949CE,4949,CE,123.815,2,16
1430CE,1430,CE,122.67,2,8
1207ME,1207,ME,122.395,5,27
3807ME,3807,ME,116.475,5,24
2610CE,2610,CE,103,2,9
2350CE,2350,CE,79.25,2,22
5862AG,5862,AG,155.475,2,28
1301CE,1301,CE,132.89,2,29
3815BT,3815,BT,168.78,6,24
2632ME,2632,ME,123.135,5,9
4981ME,4981,ME,160.42,5,11
5532CE,5532,CE,154.43,2,32
2611CH,2611,CH,136.96,7,9
5536ME,5536,ME,147.055,5,32
4670AG,4670,AG,168.835,2,11
5919BT,5919,BT,156.21,6,15
4978BT,4978,BT,149.185,6,11
4980CE,4980,CE,146.9,2,16
4993ME,4993,ME,144.605,5,11
3817BT,3817,BT,151.44,6,33
2769PD,2769,PD,154.815,12,14
3807AE,3807,AE,140.78,5,24
1316ME,1316,ME,144,5,29
5862BM,5862,BM,140,6,28
1110MZ,1110,MZ,147,5,1
2707CE,2707,CE,151.33,2,17
5914CE,5914,CE,136.615,2,32
2651ME,2651,ME,140.375,5,22
5902ME,5902,ME,132.51,5,19
1110ME,1110,ME,141.5,5,1
4980ME,4980,ME,143.495,5,16
1504CE,1504,CE,118,2,18
1218EE,1218,EE,136.5,3,10
1101EE,1101,EE,134.815,3,10
1441CE,1441,CE,92,2,8
3462ME,3462,ME,119.49,5,12
3466CE,3466,CE,107.25,2,12
1243IT,1243,IT,134.76,1,10
1437EC,1437,EC,134.53,4,10
1228ME,1228,ME,133.185,5,10
1411EC,1411,EC,133,4,10
1424ME,1424,ME,132.64,5,10
1509EI,1509,EI,132.5,3,10
1319EE,1319,EE,131.925,3,10
1127CE,1127,CE,130.99,2,10
1318CS,1318,CS,129.89,1,10
1125ME,1125,ME,129.87,5,10
1431CE,1431,CE,129.19,2,10
1127AE,1127,AE,128.65,5,10
1322EE,1322,EE,128,3,10
1133EC,1133,EC,126.755,4,10
1411EE,1411,EE,126.355,3,10
1217AU,1217,AU,125.43,5,10
1218RM,1218,RM,124.5,5,10
1106ME,1106,ME,124.385,5,10
3857CE,3857,CE,105.5,2,12
1101CE,1101,CE,124.1,2,10
1319EC,1319,EC,123.99,4,10
1217EE,1217,EE,123.5,3,10
1437IT,1437,IT,122.5,1,10
1221EC,1221,EC,120.705,4,10
3466ME,3466,ME,80.5,5,12
1411CE,1411,CE,120.475,2,10
1127ME,1127,ME,119,5,10
1426EC,1426,EC,118.5,4,10
1218MZ,1218,MZ,117.5,5,10
1158MR,1158,MR,117,5,10
1106AE,1106,AE,115.33,5,10
1509ME,1509,ME,114,5,10
1221ME,1221,ME,110.5,5,10
1322AE,1322,AE,110.5,5,10
1322ME,1322,ME,110.135,5,10
1114CE,1114,CE,106.5,2,10
1318IT,1318,IT,101,1,10
1437CS,1437,CS,99.5,1,10
1106EE,1106,EE,99.5,3,10
1427IT,1427,IT,92.5,1,10
1437ME,1437,ME,89,5,10
1416BM,1416,BM,88.5,6,10
1133ME,1133,ME,82,5,10
1106EI,1106,EI,80,3,10
1218ME,1218,ME,78,5,10